Brand_KR,Brand_ENG,개수
무신사 스탠다드,MUSINSASTANDARD,7742
아식스,ASICS,915
아디다스,ADIDAS,5302
엘무드,LMOOD,423
라퍼지스토어,LAFUDGESTORE,316
토피,TOFFEE,690
트릴리온,TRILLION,819
드로우핏,DRAW FIT,1396
코드그라피,CODEGRAPHY,761
예일,YALE,1099
굿라이프웍스,GLW,1058
세터,SATUR,678
디미트리블랙,DIMITRI BLACK,484
에스피오나지,ESPIONAGE,2649
라퍼지 포 우먼,LAFUDGE FOR WOMAN,289
도프제이슨,DOFFJASON,330
노스페이스,THE NORTH FACE,2640
뉴발란스,NEW BALANCE,855
프리즘웍스,FRIZMWORKS,871
아웃스탠딩,OUTSTANDING,771
가까이 유니언즈,GAKKAI UNIONS,415
필루미네이트,FILLUMINATE,415
트래블,TRAVEL,1370
제로,XERO,196
마뗑킴,MATIN KIM,863
디스이즈네버댓,THISISNEVERTHAT,1927
스파오,SPAO,1375
엄브로,UMBRO,1520
와릿이즌,WHATITISNT,1108
리,LEE,1659
폴로 랄프 로렌,POLO RALPH LAUREN,2143
커버낫,COVERNAT,2241
수아레,SUARE,293
소버먼트,SOVERMENT,324
유니폼브릿지,UNIFORM BRIDGE,1074
내셔널지오그래픽,NATIONALGEOGRAPHIC,2178
파르티멘토,PARTIMENTO,1919
1993스튜디오,1993STUDIO,226
푸마,PUMA,2412
디스커버리 익스페디션,DISCOVERY EXPEDITION,1959
브랜디드,BRANDED,204
쿠어,COOR,469
낫포너드,NOT4NERD,443
라이크더모스트,LIKE THE MOST,704
꼼파뇨,CPGN STUDIO,2098
어반드레스,AVANDRESS,836
인템포무드,INTEMPOMOOD,322
어반디타입,URBANDTYPE,168
키뮤어,KIIMUIR,380
스탠다드에러,STANDARDERROR,194
제멋,JEMUT,1341
에즈카톤,EZKATON,628
유니온블루,UNION BLUE,131
인사일런스,INSILENCE,775
스파이더,SPYDER,2220
노매뉴얼,NOMANUAL,1280
스컬프터,SCULPTOR,1296
캘빈클라인 진,CALVIN KLEIN JEANS,2590
글로니,GLOWNY,317
엠엘비,MLB,2414
플레이스 스튜디오,PLACE STUDIO,305
시그니처,SIGNATURE,446
호카,HOKA,143
피지컬 에듀케이션 디파트먼트,PHYSICAL EDUCATION DEPARTMENT,844
파브레가,FABREGAT,258
페플,FP142,1106
디키즈,DICKIES,144
마르디 메크르디,MARDI MERCREDI,1504
지오다노,GIORDANO,1406
슬로우애시드,SLOW ACID,1112
브라운브레스,BROWNBREATH,733
모드나인,MODNINE,243
일꼬르소,IL CORSO,777
테이크이지,TAKEASY,313
에잇세컨즈,8SECONDS,6705
넌블랭크,NONBLANK,312
엑스톤즈,XTONZ,247
1989스탠다드,1989STANDARD,198
젠지,GEN.G,3
러프사이드,ROUGHSIDE,439
퍼스텝,PERSTEP,1234
마인드브릿지,MINDBRIDGE,820
어반스터프,URBANSTOFF,389
비바스튜디오,VIVASTUDIO,432
지프,JEEP,1395
더콜디스트모먼트,THE COLDEST MOMENT,410
브렌슨,BRENSON,278
노이어,NOIRER,526
커스텀어클락,COSTUME O’CLOCK,994
타입서비스,TYPESERVICE,209
토마스모어,THOMASMORE,519
에이치덱스,HDEX,445
르마드,LEMARD,419
마리떼,MARITHÉ,696
메종 마르지엘라,MAISON MARGIELA,1547
이벳필드,EBBETSFIELD,870
맨인스토어,MAN IN STORE,172
티떠블유엔,TWN,1074
말본 골프,MALBON GOLF,2927
리복,REEBOK,2097
로맨틱크라운,ROMANTIC CROWN,875
블랙모먼트,BLACK MOMENT,106
코닥,KODAK,3130
더블유브이프로젝트,WV PROJECT,1412
메종미네드,MAISON MINED,498
나이스고스트클럽,NICEGHOSTCLUB,694
탑텐,TOPTEN,620
무신사 스탠다드 스포츠,MUSINSA STANDARD SPORTS,258
레테르코모,LETTERCOMO,419
스노우피크 어패럴,SNOWPEAK APPAREL,1489
팀코믹스,TIMCOMIX,440
플랙,PLAC,1523
위캔더스,WKNDRS,399
밀로 아카이브,MILLO ARCHIVE,813
레이디 볼륨,LADY VOLUME,1764
슈퍼서브,SUPERSUB,336
후러브스아트,WHOLOVESART,134
엠오오,MOO,300
에이이에이이,AEAE,234
제너럴아이디어,GENERALIDEA,3020
아이더,EIDER,4806
론론,RONRON,572
비터셀즈,BITTERCELLS,750
우알롱,WOOALONG,688
디앤에스알,DNSR,341
티엔지티,TNGT,380
그레일즈,GRAILZ,268
어널러코드,ANOLORCODE,58
멜란지 마스터,MELANGE MASTER,472
맥우드건,MAGOODGAN,615
휠라,FILA,1073
프렌다,PRENDA,1116
세컨모놀로그,SECONDMONO,427
게인스보로,GAINSBORO,545
발렌시아가,BALENCIAGA,1843
예스아이씨,YESEYESEE,1639
아이러니포르노 화이트라인,IRONYPORNO WHITELINE,209
러브이즈트루,LUVISTRUE,552
비슬로우,BESLOW,738
닉앤니콜,NICK&NICOLE,1601
엘엠씨,LMC,1739
니티드,KNITTED,484
일리고,ILLIGO,278
생로랑,SAINT LAURENT,1589
블론드나인,BLOND9,430
드로우핏 우먼,DRAWFIT WOMEN,104
바운더리,BOUNDARY,25
어뉴골프,ANEW GOLF,1269
마하그리드,MAHAGRID,945
챔피온,CHAMPION,1954
로제프란츠,ROSEFRANTZ,345
시티브리즈,CITY BREEZE,737
그레이버,GRAVER,3147
오드스튜디오,ODDSTUDIO,270
데상트,DESCENTE,1606
플루크,FLUKE,757
언더아머,UNDERARMOUR,418
파르티멘토 우먼,PARTIMENTO WOMEN,1016
오더아카이브,ORDER ARCHIVE,96
마틴플랜,MARTIN PLAN,308
더 아이덴티티 프로젝트,THE IDENTITY PROJECT,187
알리스,ALYSS,111
씨피 컴퍼니,CP Company,1354
노앙,NOHANT,529
노이아고,NOIAGO,945
미즈노,MIZUNO,416
보테가베네타,BOTTEGA VENETA,1576
더니트컴퍼니,THEKNITCOMPANY,685
르꼬끄,LECOQ,2831
주앙옴므,JUAN HOMME,295
포터리,POTTERY,631
슬로우 레코드 하우스,SLOW RECORD HOUSE,241
로라로라,ROLAROLA,2232
아미,AMI,801
크랭크,CRANK,382
브이투,VTWO,1684
틸 아이 다이,TILL I DIE,687
리메인세컨드,LEMAIN SECOND,34
어나더 오피스,ANOTHER OFFICE,339
밀리언코르,MILLIONCOR,785
이티씨이,ETCE,194
인사일런스 우먼,INSILENCE WOMEN,702
에스이에스티,S'EST,75
비긴202,BEGIN202,73
로드 존 그레이,LORD JOHN GREY,987
리트리버클럽,RETRIEVER CLUB,765
아크테릭스,ARCTERYX,319
팔렛,FALLETT,553
미니멀프로젝트,MINIMALPROJECT,561
그라미치,GRAMICCI,1701
후브스,HOOVES,169
비비안 웨스트우드,VIVIENNE WESTWOOD,883
데케트,DECET,238
다이아몬드 레이라,DIAMOND LAYLA,294
어커버,ACOVER,369
오아이오아이컬렉션,OIOICOLLECTION,1386
아조바이아조,AJOBYAJO,596
르아르,LEIRE,486
버버리,BURBERRY,1701
크리틱,CRITIC,322
아워데이즈,OURDAYZ,90
후아유,WHO.A.U,258
사운즈라이프,SOUNDSLIFE,232
베리베인,VERYVAIN,283
이미스,EMIS,254
와이케이,WAIKEI,780
골든베어,GOLDEN BEAR,1541
미나브,MINAV,180
네스티팬시클럽,NASTY FANCY CLUB,398
웬즈데이오아시스,WEDNESDAY OASIS,129
톰브라운,THOM BROWNE,1883
비헤비어,BEHEAVYER,67
브론슨,BRONSON,91
꼼데가르송 플레이,COMME DES GARCONS PLAY,431
비얼디드키드,BEARDED KID,272
엠엠엘지,MMLG,1315
라코스테,LACOSTE,3990
르메르,LEMAIRE,388
더바이닐하우스,THEVINYLHOUSE,427
아르반,AREUBAN,80
세인트페인,SAINTPAIN,779
에이카화이트,AECA WHITE,717
유희,YOUHEE,155
포트너스,FOTTNERS,76
마크곤잘레스,MARK GONZALES,916
건지 울른스,Guernsey Woollens,81
어나더 아카이브,ANOTHER ARCHIVE,321
키르시,KIRSH,813
효지,HYOJI,487
펀치라인,PUNCHLINE,281
본투윈,BORN TO WIN,320
논플로어,NONFLOOR,152
아메스 월드와이드,AMES-WORLDWIDE,529
데이,THEY,58
엘리메노,ELIMENO,331
앵글런,ANGLAN,493
이스트쿤스트,ISTKUNST,406
블랭크룸,BLANK ROOM,280
그루브라임,GROOVE RHYME,187
배드블러드,BADBLOOD,342
마카사이트,MACASITE,167
247시리즈,247SERIES,378
배럴,BARREL,3280
엑스트라오디너리,EXTRAORDINARY,676
비전스트릿웨어,VISION STREETWEAR,583
어프레쉬,AFRESH,188
고스피어,GOSPHERES,383
비바브라운,VIVABROWN,62
다이나핏,DYNAFIT,5945
이에이,IEY,354
벤힛,VENHIT,297
비디알,VDR,378
지플리시,ZPLISH,328
86로드,86ROAD,122
에트몽,ETMON,949
미니멀코드,MINIMALCODE,236
콜릿,KOLEAT,549
레이브,RAIVE,1011
이자벨마랑,ISABEL MARANT,633
리브레너,REBRENNER,154
아페쎄,A.P.C.,728
애습,ASP,60
메인부스,MAINBOOTH,363
락케이크,ROCKCAKE,317
캉골,KANGOL,1405
모즈모즈,MOZMOZ,453
제이엘브,JELEVE,48
패블러스아카이브,FABULOUS ARCHIVE,586
유라고,URAGO,1193
51퍼센트,51PERCENT,203
이지노이지,EASY NO EASY,326
디스커스 애슬레틱,DISCUS ATHLETIC,233
999휴머니티,999HUMANITY,245
홀리선,HORLISUN,325
앤더슨벨,ANDERSSON BELL,113
아이돈워너셀,IDWS,138
앨빈클로,ALVINCLO,703
코오롱스포츠,KOLON SPORT,1037
테일러 스튜디오,TAILOR STUDIO,158
와르,WAAR,583
미드나잇 무브,MIDNIGHT MOVE,1065
퍼블릭아이콘,PUBLIC ICON,198
안다르,ANDAR,2131
프린트스타,PRINTSTAR,80
엔에프엘,NFL,1495
세인트제임스,SAINT JAMES,169
리바이스,LEVI'S,979
해칭룸,HATCHINGROOM,264
라이프워크,LIFEWORK,2728
모더먼트,MODERMENT,376
마티스 더 큐레이터,MATISSE THE CURATOR,67
구빈,GUBIN,132
골스튜디오,GOALSTUDIO,1437
안데르센 안데르센,ANDERSEN ANDERSEN,191
스노우피크,SNOWPEAK,970
위드아웃썸머,WITHOUT SUMMER,139
프로-스펙스,PRO-SPECS,1709
알에스에스씨,RSSC,395
오프닝프로젝트,OPENING PROJECT,287
네이머클로딩,NAMERCLOTHING,412
피스워커,PIECE WORKER,175
프라다,PRADA,2098
모덴아르더,MODEN ARDOR,89
피아네르,PIANER,242
랑가주망,LENGAGEMENT,256
아카이브 볼드,ARCHIVE BOLD,366
허프,HUF,345
허그본,HUGVONE,120
헤드,HEAD,775
노티카,NAUTICA,158
제로스트릿,ZEROSTREET,875
트레셔,THRASHER,483
무센트,MUCENT,49
데꼬로소,DECOROSO,226
세븐셀라,SEVENSELAH,437
나인티플러스,NINETY PLUS,119
러기드하우스,RUGGED HOUSE,2638
버튼서울,BUTTON SEOUL,175
엑스컨테이너,EXCONTAINER,126
본챔스,BORN CHAMPS,676
레프트서울,LEFTSEOUL,184
엔피스튜디오,NP STUDIO,438
질 샌더,JIL SANDER,562
비욘드클로젯,BEYOND CLOSET,1213
던스트 포 우먼,DUNST FOR WOMEN,652
데상트 골프,DESCENTE GOLF,778
에스에스알엘,SSRL,23
톤즈,TONES,127
스탠즈,STENDS,195
베이직하우스,BASIC HOUSE,440
아모멘토,AMOMENTO,435
페이퍼보이,PAPERBOY,682
로우랩,RAW LAB,402
블랙야크,BLACKYAK,1355
나인제트,NINEZ,181
머슬암드,MUSCLE ARMED,148
오와이,OY,947
하프크라이즈 레이아웃,HALBKREIS LAYOUT,320
오너,OWNER,15
시야쥬,SIYAZU,548
튜드먼트,TTUDEMENT,102
페퍼시즈닝,PEPPERSEASONING,59
우마뭉,UMARMUNG,193
썸플레이스,SOME PLACE,226
아티스트웨어,ARTISTWEAR,522
칙스,CHICKS,273
벤 데이비스,BEN DAVIS,854
래리클락,LARRY CLARK,302
미우미우,MIU MIU,412
노드 아카이브,NODE ARCHIVE,294
웨스트 그랜드 블러바드,WEST GRAND BOULEVARD,138
혼다 모터사이클,HONDA MOTORCYCLE,64
브라운야드,BROWNYARD,227
토템,TOTEME,236
알브이디,RVD,412
디아도라,diadora,2205
아차,ACHA,188
틀영,TLEYOUNG,195
바라쿠타,BARACUTA,21
던스트,DUNST,310
아레나,ARENA,983
글리머,GLIMMER,78
인더스트,INDUST,370
밀로 우먼,MILLO WOMEN,121
윌슨,WILSON,509
프레리,PRAIRIE,87
율러,EULER,33
널디,NERDY,1553
샤카웨어,SHAKA WEAR,127
애드오프,ADDOFF,358
시엔느,SIENNE,144
펀치드렁크파티즈,PUNCH DRUNK PARTIES,97
어누즈,ANOUZ,117
이에스엔,ESN,490
언탭트,UNTAPPED,108
아노블리어,ANOBLIR,149
클로브,CLOVE,340
해비즘,HAVISM,157
케이투,K2,2950
킨록 바이 킨록앤더슨,KINLOCH BY KINLOCH ANDERSON,385
라이즈앤빌로우,RISE&BELOW,93
레스트앤레크레이션,REST&RECREATION,442
언더오프,UNDEROFF,350
배드블러드 워크샵,BADBLOODWORKSHOP,401
챌린저,CHALLENGER,1065
모디파이드,MODIFIED,486
강정석,KANGJUNGSEOK,3
에즈이프 캘리,ASIF CALIE,415
솔티,SORTIE,463
스케이터락,SK8ER ROCK,1212
오디에스,ODS,114
로우클래식,LOW CLASSIC,539
카멜워크,CAMEL WORK,312
밴웍스,VANNWORKS,1406
에프씨엠엠,FCMM,452
아웃도어 프로덕츠,OUTDOOR PRODUCTS,1386
더마일,THEMILE,389
스페로네,SPERONE,311
윗,WITH,158
바우프,BAUF,193
쟈니웨스트,JHONNY WEST,461
피스메이커,PIECE MAKER,865
스톤아일랜드,STONE ISLAND,1326
리우아,RIOOA,43
챔브로스,CHAMBROS,116
프리커,FREKER,182
빅유니온,BIG UNION,409
이코르,ECORR,96
오디너리홀리데이,ORDINARY HOLIDAY,1050
아크메드라비,ACME DE LA VIE,1483
피브비,PIVVEE,98
트립르센스,TRIP LE SENS,553
감마갤러리,GAMMA GALLERY,229
겐조,KENZO,744
잠스트,ZAMST,86
판도라핏,PANDORAFIT,685
카락터,KARACTOR,80
로에일,LOEIL,1004
클라터뮤젠,KLATTERMUSEN,142
비에스래빗,BSRABBIT,1747
센티,SENTI,617
트리밍버드,TREEMINGBIRD,341
젝시믹스,XEXYMIX,736
곤니치와봉쥬르,CONICHIWA BONJOUR,207
노운,NOUN,235
시즈,SEEZ,36
무아무아,MUAHMUAH,134
드헤베,DEHEVE,114
코드,CORD,291
코프위,COFWI,146
셔터,SHIRTER,346
애프터프레이,AFTERPRAY,285
할리데이비슨,HARLEY-DAVIDSON,243
페이탈리즘,FATALISM,87
아캄,AAKAM,158
카비시,CAVISH,558
엠엠식스,MM6 Maison Margiela,469
아스트랄 프로젝션,ASTRAL PROJECTION,2203
몰든,MALDEN,110
스웨이드,SUADE,138
낫띵이즈베럴댄미,NOTHINGISBETTERTHANME,125
오오엠엘,5OML,385
볼란테,VOLANTE,201
데밀,DEMIL,56
롤링스튜디오,ROLLINGSTUDIOS,131
엔조 블루스,ENZO BLUES,704
헬로 선라이즈,HELLO SUNRISE,160
후드후드,HOODHOOD,221
선데이오프클럽,SUNDAYOFFCLUB,102
네스티킥,NASTYKICK,270
어텐션로우,ATTENTIONROW,671
빈트릴 골프,BEENTRILL GOLF,788
브룩스 브라더스,BROOKS BROTHERS,1770
도씨,DOSSY,85
플레어업,FLAREUP,128
로씨로씨,ROCCI ROCCI,635
어썸스튜디오,AWESOME STUDIO,600
칸디니,KANDINI,208
얼킨 캔버스,ULKIN CANVAS,263
고요웨어,GOYOWEAR,86
와이즈,WYSE,216
말렌,MALEN,349
그리쉬,GRISH,74
메종 키츠네,MAISON KITSUNE,996
집시,JIPSY,248
매스노운,MASSNOUN,1145
체이스컬트,CHASECULT,4682
트립션,TRIPSHION,2956
오헤시오,OHESHIO,126
엘이이와이,L.E.E.Y,425
리플라이퍼키,REFLYPERKY,75
블랙몬스터핏,BLACK MONSTER FIT,143
오가프,OGARP,199
레이지비,LAZYBEE,239
웰터 익스페리먼트,WELTER EXPERIMENT,113
벌스데이수트,BIRTHDAYSUIT,547
골든구스,GOLDEN GOOSE,649
라퍼,LAUGHER,147
골라,GOLA,665
게스,GUESS,1021
커스텀멜로우,CUSTOMELLOW,569
로어링라드,ROARINGRAD,160
엘씨디씨 티엠,LCDC TM,99
소라노,SORANO,8
헤지스,HAZZYS,216
피지컬가먼츠,PHYSICAL GARMENTS,324
펜필드,PENFIELD,192
베이스모먼트,BASEMOMENT,472
고스트리퍼블릭,GHOST REPUBLIC,697
세릭,CERRIC,680
척,CHUCK,177
레디포넥스트,READY4NEXT,348
보헤미안 서울,BOHEMSEO,162
끌로에,CHLOE,367
윅,WICK,624
블러,BLUR,48
디젤,DIESEL,1241
다이클레즈,DYCLEZ,235
디써티원,DTHIRTYONE,100
프레드페리,FRED PERRY,682
엠블러,AMBLER,1226
스포티앤리치,SPORTY&RICH,601
크림소다랩,CREAM SODA LAB,403
인터섹션,INTERSECTION,139
낫 유어 로즈,NOT YOUR ROSE,249
유앤엘씨,UNLC,183
맥키,MACKY,445
페스토,PESTO,376
펜디,FENDI,830
테네르,TENER,594
언지미크,UNGIMMICK,111
와일드동키,WILD DONKEY,92
그레이블러밧,GRAYBLVD,57
로스코,ROTHCO,426
더블유엠씨,WMC,229
타미진스,TOMMY JEANS,792
플라스틱프로덕트,PLASTICPRODUCT,221
헤레틱,HERETIC,109
스컬피그,SKULLPIG,594
언리미트,UNLIMIT,320
큐티에잇,QT8,1097
세비지,SAVAGE,201
언아웃핏,AOTT,284
인스턴트펑크,INSTANTFUNK,1664
유스,YOUTH,252
토니호크,TONYHAWK,375
트리플에이,AAA,37
쓰리투에이티,THREE TO EIGHTY,485
헬리녹스,HELINOX,381
유에프씨 스포츠,UFC SPORT,1342
에스티코,STCO,1921
망고매니플리즈,MANGO MANY PLEASE,141
클리브랜드 골프웨어,CLEVELAND GOLFWEAR,1600
오도어,ODOR,88
지오송지오,ZIOSONGZIO,547
크럼프,CRUMP,763
엘리오티,ELLIOTI,404
풋볼스탠다드,FOOTBALL STANDARD,422
글랙,GLACK,373
몽돌,MONGDOL,167
인더로우,INTHERAW,101
제로플래닛,ZEROPLANET,610
샐러드볼즈,SALAD BOWLS,535
이로,IRO,308
티메이커,TMAKER,280
디폴트벨류,DEFAULT VALUE,435
텐씨,TEN-C,195
그로브,GROVE,595
람,RAAM,110
머렐,MERRELL,483
구찌,GUCCI,595
코치,COACH,370
호텔세리토스,HOTEL CERRITOS,412
노르디스크,NORDISK,1277
자크뮈스,JACQUEMUS,416
헤인트,HAINT,860
유쓰배쓰,YOUTHBATH,269
노운베러,KNOWNBETTER,147
알렉산더 맥퀸,ALEXANDER McQUEEN,941
줄리아페페,JULIAPEPE,596
덴메이드,DENMADE,54
피그먼트,PIGMENT,723
벤시몽,BENSIMON,800
어반에이지,URBANAGE,368
베테제,VETEZE,263
글림퍼,GRIMPER,42
아크네 스튜디오,ACNE STUDIOS,780
라미네즈,LAMINEZ,285
디아프바인,DIAFVINE,315
가니,GANNI,619
카고브로스,CARGOBROS,1611
오드펄,ODDPEARL,175
로파이,LOFI,295
하이스쿨디스코,HIGH SCHOOL DISCO,464
에스에스와이,SSY,236
크로스드레슬리,CROSSDRESSLY,36
핍펫,PIPPET,64
니들스,NEEDLES,194
에스이오,s/e/o,183
에스릿 스튜디오,SLIT STUDIO,171
비씨씨,BCC,149
메러베인,MELLURBANE,148
디쏘에이치,D.XO.H,390
카테고리9,CATEGORY9,227
나체,NACHE,327
랩12,LAB12,525
피엘라벤,FJALLRAVEN,1056
오버듀플레어,OVERDUEFLAIR,273
아노에틱,ANOETIC,596
미케네,MICANE,259
발루트,BALLUTE,275
누아클레,NUAKLE,311
모아,MOAA,470
스포츠컬렉션카드,SCC,4
디스트나인,DISTN9NE,368
딥센스,DEEP SENSE,77
페인오어플레져,PAINORPLEASURE,268
더뮤지엄비지터,THEMUSEUMVISITOR,325
포커페이스,POKERFACE,38
탑보이,TOPBOY,139
헤임,HEIM,124
피인오,P.IN.O,188
샌드 사운드,SAND SOUND,261
언티지,UNTAGE,509
데이즈데이즈,DAZE DAYZ,408
움파,OOMPAA,105
클럽모나코,CLUB MONACO,725
요넥스,YONEX,663
프랑켄모노,FRANKENMONO,294
데비웨어,DEVIWEAR,889
낫노잉,NOTKNOWING,104
덴아워,THEN OUR,166
콘치웨어,CONCHWEAR,148
아이필블루씨에스엠,IFEELBLUECSM,27
행텐,HANGTEN,1913
클라코,CLACO,115
네파,NEPA,508
팔랩,PALAP,103
브루먼,BRUMAN,194
썬러브,SUNLOVE,347
언노운 플라넷,UNKNOWN PLANET,298
루프루프,LOOPLOOP,80
빈트릴,BEENTRILL,896
타미힐피거,TOMMY HILFIGER,1371
어레이드,ARRAYED,74
랭글러,WRANGLER,517
썬번 프로젝트,SUNBURN PROJECT,59
유니어패럴,UNI APPAREL,260
데스포르치,DESPORTE,36
디더블유에스 컴퍼니,DWS COMPANY,193
어글리쉐도우,UGLYSHADOW,548
골제로,GOALZERO,2
이퓨원트,IFYOUWANT,136
도미넌트,DOMINANT,242
아식스 골프,ASICS GOLF,18
밀리언데이,MILLION DAY,245
스테이지 네임,STAGE NAME,268
위세임 랩,WESAME LAB,79
뉴해빗,NUHABIT,686
컬럼비아 유니버시티,COLUMBIA UNIVERSITY,793
씨오큐,COQ,385
뎃츠잇,THAT'S IT,311
지미 추,JIMMY CHOO,58
르꼬끄 골프,LECOQ GOLF,604
유씨엘에이,UCLA,1171
아모프레,AMOUPRE,227
헤레우,HEREU,172
비디오자키,VIDEO JOCKEY,369
도프셉,DOFFSEPT,117
레이피커스,RAYFIKERS,303
브라바도,BRAVADO,409
지제로 송지오,ZZERO SONGZIO,76
듀테로,DEUTERO,102
플레이버리즘,FLAVORISM,162
러닝하이,RUNNINGHIGH,1082
더스토리,THESTORI,794
랩,LAP,650
크레모아,CLAYMORE,76
프로드셔츠,PRODESHIRT,146
트래드클럽 빈티지,TRADCLUB VINTAGE,115
에러스익셉티드,ERRORS EXCEPTED,142
2000아카이브스,2000ARCHIVES,123
캠프라인,CAMPLINE,54
예예,YEYE,121
테일러메이드,TAYLOR MADE,292
캐나다구스,CANADA GOOSE,127
가넷옴므,GARNET HOMME,557
가민,GARMIN,137
에리즈 얼라이즈,ARIES,343
로어즈,LORES,435
에이프릴에잇,APR.8,17
그레이티스트,THE GREATEST,455
이넥시스,INEXCIS,133
시스티나,SISTINA,691
써치410,SEARCH410,573
더블제이디,DOUBLE JD,211
와이엠씨엘케이와이,YMCL KY,242
마르디 메크르디 악티프,MARDI MERCREDI ACTIF,674
어반플레이어스,URBAN PLAYERS,189
아그넬,AGNEL,140
브렌다브렌든 서울,BRENDA BRENDEN SEOUL,574
빈폴 멘,BEANPOLE MEN,1092
프라이,FREI,169
레터프롬문,LETTER FROM MOON,255
버뮬라,BURMULA,271
라티젠,LARTIGENT,633
바스틱,VASTIC,1046
스모크라이즈,SMOKERISE,121
토니로렌스,TONY LAWRENCE,111
엠엠아이씨,MMIC,936
리올그,REORG,1134
스튜디오 톰보이,STUDIO TOMBOY,261
베른,VERNE,33
이스트서비스샵,EAST SERVICE SHOP,88
익스파이어드걸,EXPIRED GIRL,291
레인메이커,RAINMAKER,337
가터갤러리,GOTTER GALLERY,160
마롭,MALOUPE,206
돈애스크마이플랜,DAMP,455
로맨틱 파이어리츠,ROMANTICPIRATES,278
컨셉원,CONCEPTS1ONE,244
플리즈프로젝트,PLZPROJECT,108
스키즘 인듀싱,SCHISM INDUCING,71
해브해드,HAVE HAD,247
망고,MANGO,1834
메이킷투,MAKEITTO,50
그램 아운스 파운드,GRAM OUNCE POUND,88
드베터,DBETTER,38
딜라잇풀,DELIGHTPOOL,215
암피스트,AMFEAST,276
어퍼스트로피 콤마,APOSTROPHE COMMA,607
노컨텐츠,NOCONTENT,100
타게토,TARGETTO,767
지방시,GIVENCHY,597
베르사체,VERSACE,82
로드로아르,LORDLOAR,317
마크엠,MARKM,801
레이어 유니온,LAYER UNION,404
엑서사이즈,EXERCISE,153
듀베티카,DUVETICA,1003
엔비에이,NBA,1443
애드호크,ADHOC,1070
노스 프로젝트,NORSE PROJECTS,238
반츠,BANTS,213
에디션,EDITION,224
달링유어배드,"DARLING, YOU'RE BAD",59
시월107,SIWEOL107,65
캔캔,KANCAN,202
플래니트,PLAKNIT,77
로열클럽홀리데이,ROYAL CLUB HOLIDAY,127
뮬라웨어,MULAWEAR,500
엘엠알,LMR,134
210에디트,210EDIT,412
노이어 포 우먼,NOIRER FOR WOMAN,234
테일러메이드 어패럴,TAYLORMADE APPAREL,1858
플랙 우먼,PLAC WOMEN,572
아워세이아워,OURSAYSOUR,159
바니쉬먼트,VANISHMENT,139
르바,LEVAR,366
꼬모니노즈,COMONINOZ,485
리테일,LITAIL,21
더엣지,THEATG,101
디바인디스턴스,DIVINE DISTANCE,160
플라즈마 스페어,PLASMA SPHERE,753
아워스코프,OURSCOPE,209
큘,KUL,42
오션퍼시픽,OCEANPACIFIC,575
오프 화이트,Off White,1199
싱킹디퍼,SINKINGDEEPER,67
컬럼비아,COLUMBIA,280
유니폼브릿지 우먼,UNIFORM BRIDGE WOMEN,117
왁,WAAC,1505
루이까스텔,LOUIS CASTEL,3082
더블알엘,DOUBLE RL,137
핑크파인애플,PINK PINEAPPLE,1586
본슬리피,BORN SLIPPY,474
모그라미,MOGRAMI,4
폴로 랄프 로렌 골프,POLO RALPH LAUREN GOLF,236
오클리,OAKLEY,51
매버릭,MAVRK,277
페라가모,SALVATORE FERRAGAMO,1323
와이드앵글,WIDEANGLE,2040
아코스튜디오스페이스,AQOstudiospace,134
아더피츠,OTHERFITS,295
제이미웨스트,JAMIE WEST,410
오드볼스클럽,ODDBALLS CLUB,167
필로그램,PHILOGRAM,247
노드유,NODU,118
팬암,PANAM,940
투에프로우,SECOND FLOOR,38
잇자바이브,ITZAVIBE,216
아우로,OURO,206
어널로이드,UNALLOYED,392
오앤에이,ONA,187
컨셉트컬리지,CONCEPTCOLLEGE,74
캘빈클라인 스포츠,CALVIN KLEIN SPORT,118
배드블루,BADBLUE,225
언라이크룩,UNLIKELOOK,137
카르도,CARDO,16
원헌드레드퍼센트,OHP,1755
인플레이션,INFLATION,242
애프터아워즈,AFTERHOURS,141
제테스,ZETES,236
런트,LUNT,51
빠니깔레,PANICALE,1000
코디갤러리,CODIGALLERY,421
파라점퍼스,PARA JUMPERS,247
무스너클,MOOSE KNUCKLES,332
포스333,PHOS333,275
피스오브마인드,PEACEOFMIND,89
베러댄라이프,BETTER THAN LIFE,37
알썰틴,R13,36
트라제윤,TRAJEYUN,139
네이키드블러드17,NAKEDBLOOD17,95
디스펑트,DYSFUNCT,115
포윗,POWIT,260
볼디스트,BOLDEST,215
하드코어 해피니스,HARDCORE HAPPINESS,149
막스마라,MAXMARA,310
쿤타치,KUNTACH,54
미세키서울,MISEKI SEOUL,38
셋업이엑스이,SETUP-EXE,188
음,UMM,160
투에니스홀,20TH HOLE,307
브루클린웍스,BROOKLYN WORKS,93
메이노브1722,MAYNOV1722,175
큐리티,CURETTY,238
플래토,PLATEAU,331
웨이든,WAYDN,67
앳 더 모먼트,AT THE MOMENT,315
커렌트,CURRENT,387
챈스챈스,CHANCECHANCE,243
퍼츠,POTS,81
제이더블유엔더슨,J.W.ANDERSON,152
틸던,TILLDAWN,162
스톰런던,STORM LONDON,196
비스킷샵,BISCUITSHOP,75
로얄라이프,ROYALLIFE,1451
호이테,HEUTE,135
오닐,ONEILL,1561
네이비 카운티,NAVY COUNTY,84
밤켈 아웃도어,BAMKEL OUTDOOR,15
드네이지,DENAGE,72
졸린,JOLYN,65
드리프트아웃,DRIFTOUT,1269
필립페이커,PHILIPPAKER,102
해브오프듀티,HAVEOFFDUTY,506
반원 아틀리에,VANONE ATELIER,286
몽블랑,MONTBLANC,146
디그레,DGRE,190
퀵실버,QUIKSILVER,886
볼컴,VOLCOM,1211
블랙엔드,BLACKEND,56
퓨처랩,FUTURE LAB,147
레투,LE2,109
디오스피스,DAUSPICE,126
위베리벨류,WEVERYVALUE,117
바이젝,BYSEC,39
모어아웃,MOREOUT,160
런디에스,RUNDS,427
헤이스트,HEYSTE,58
프로젝트엠,PROJECTM,1046
월스와일 무브먼트,WORTHWHILE MOVEMENT,173
친다운,CHIN DOWN,79
디프리크,D.PRIQUE,549
테크스킨,TECHSKIN,310
헤비히터,HEAVYHITTERS,48
슬리피아이즈,SLEEPY EYES,113
쥬시쥬디,JUCYJUDY,1178
아이토브 서울,ITOV SEOUL,125
블러드라인,BLOODLINE,74
보연,VOYONN,178
낫소,NASSAU,43
브렌우드,BRENTWOOD,249
블랙블론드,BLACKBLOND,297
니히,NIEEH,73
로시로우,LOSSYROW,341
모멧,MOMET,287
문선,MOONSUN,280
바이 파,BY FAR,205
웰빙익스프레스,WELLBEING EXPRESS,212
네이키드앤페이머스,NAKED&FAMOUS,172
에이메이드,A MADE,59
몽버디 골프,MONBIRDIE GOLF,326
아위,AHWE,880
돌핀웨이브어패럴,DOLPHIN WAVE APPAREL,148
패슬,FASTLE,36
더발론,THE BALLON,317
아미리,AMIRI,34
아던트소울,ARDENTSOUL,97
이지오,EZIO,409
로트르드민,LAUTREDE MIN,45
오르시떼,ORCITE,249
아방,AVANT-G,228
익스프레스 홀리데이,EXPRESS HOLIDAY,64
네더월드,NETHERWORLD,21
아노트,ANNOT,262
르아브,LEARVE,144
히든비하인드,HIDDEN BEHIND,72
스티븐 알란,STEVEN ALAN,336
누피크,NUPEAK,102
카키그라도,KHAKI GRADO,17
스턴트,STUNT,67
오호스,OJOS,281
그레이버 백 앤 에이씨씨,GRAVER BAG AND ACC,162
하프나인,HALFNINE,328
마틴 로즈,MARTINE ROSE,90
마일즈 앤 마일즈 앤 마일즈,MILES AND MILES AND MILES,132
에드워드맥스,EDWARDMAX,96
폴햄,POLHAM,220
브아빗,VOIEBIT,841
리우 옴므,LIEU HOMME,362
플라스크,FLASK,293
와이디에이,YDA,470
클로엣,CLO'ET,64
엔티이티,NTET,160
노티아,NOTIA,269
슈페너,SUPENER,112
삼칠칠플레이스,377PLACE,140
리디피,RIDIFI,733
험토,HUMTTO,90
비피투디스오더,BP2 DISORDER,69
퍼블리카엑스,PUBLICKA X,320
데호,DEHO,33
홀리데이,HOLIDAY,50
휴먼앤캣,HUMAN N CAT,51
왕관,WANGGWAN,156
오리지널데이,ORIGINALDAY,109
블루그레인,BLUEGRAIN,39
써드위브,THIRDWEAVE,14
오리지널스포츠,ORIGINAL SPORTS,181
1011갤러리,1011 GALLERY,92
부붐,BOOVOOM,90
언에디트,ANEDIT,337
델리센트,DELICCENT,597
휴고보스 테니스,HUGOBOSS TENNIS,131
애니타임로릭,ANYTIME LOREAK,160
아비렉스,AVIREX,109
아파트먼트,APARTMENT,1733
펜듈럼,PENDULUM,272
파슬리,PARSLEY,772
신앤리,SSIN AND LEE,40
인터크루,INTERCREW,407
리엘,RE L,296
데이지신드롬,DAISY SYNDROME,153
써네이,SUNNEI,602
돌아우터웨어,DOLL OUTERWEAR,116
카카오프렌즈 골프,KAKAO FRIENDS GOLF,862
티아즈,TEEAZ,113
아쿠아티카,AQUATICA,372
에드,ADD,194
이올로,IOLO,513
드림월드,DREAMWORLD,127
오스프리,OSPREY,52
덕다이브,DUCKDIVE,355
캐피디자인,KAPPY DESIGN,187
카우츠,KAUTS,22
바이엘,BY.L,176
고스트릿,GOSTREET,219
럭키마르쉐,LUCKYMARCHE,397
테라우드 홈웨어,TERAWOOD HOMEWEAR,120
마가렛 호웰,MHL MARGARET HOWELL,28
유제,YUJE,8
모 스포츠,MO SPORTS,117
공백,GONGBAEK,40
허그유어스킨,HUG YOUR SKIN,70
페이퍼리즘,PAPERISM,64
세인트크루,SAINTCREW,533
블랙다이아몬드,BLACK DIAMOND,641
노클,NOCLE,156
리스펙트,RESPECT,370
시티팝즈,CITYPOPZ,49
빈폴 레이디스,BEANPOLE LADIES,210
더메이플시럽팩토리,THE MAPLE SYRUP FACOTRY,46
세르지오 타키니,SERGIO TACCHINI,396
문페어리,MOON FAIRY,217
꼼소넛,COMSONNOT,93
프론투라인,FRONT2LINE,151
아카우,AKAW,139
네이더스,NEITHERS,69
컨스트럭션,KONSTRUKTION,223
골드퍼센트,GOLDPERCENT,464
씨클로버,C CLOVER,46
템플,TEMPLE,223
로스트인서울,LOST IN SEOUL,70
키브젝트,KYBJT,34
라운드트리코,ROUNDTRICOT,206
넥스트도어립스,NEXTDOORLIPS,91
아디다스 골프,ADIDAS GOLF,248
라디네오,RADINEO,692
보늬,BONIEE,698
더셔츠스튜디오,THE SHIRTS STUDIO,389
해바이해킴,HAE BY HAEKIM,491
코랄리안,CORALIAN,163
그린버터,GREENBUTTER,277
루시르주,LUCIR ZU,411
퍼블릭피겨,PUBLICFIGURE,101
토런스,TOLANCE,38
르쏠레일마띠네,LE SOLEIL MATINEE,277
벨리아르,BELLIALEU,50
웨이브유니온,WAVE UNION,67
매치글로브,MATCHGLOBE,1065
슬로우유니버스,SLOWUNIVERSE,39
포프롬파더,FORFROMFATHER,17
아르덴티 벨로나,ARDENT VELLONA,109
폴라,POLAR,21
배디,BADEE,995
가먼트레이블,GARMENT LABLE,190
코케트,COQUET,803
프라임먼트,PRIMEMENT,228
니브,NEEV,176
오버더피치,OVER THE PITCH,45
엔와이엑스엑스,NYXX,70
라멀마메종,LA MER MA MAISON,603
스위브,SWIB,70
본바트,VONVAT,44
준타스,TODO JUNTAS,56
디얼스,THE EARTH,262
페프스튜디오,FFEFF STUDIO,271
문수권세컨,MSKN2ND,761
언코티드247,UNCOATED 247,172
에어릿스포츠,AIRIT SPORTS,217
소프트서울,SOFT SEOUL,755
어뉴브로스,ANEWBROS,155
넛지,NUDGE,33
클라이드앤,CLRIDEN,1521
매그제이 맨즈,MAGJAY MANS,34
드러그 프로덕트,DRUG PRODUCT,19
코너그린,CORNER GREEN,25
파프롬왓,FAR FROM WHAT,16
바이바이섭,BIBYSEOB,636
더그린랩,THE GREEN LAB,179
디어마이디어,DEARMYDEER,76
레저렉션13,RESURRECTION13,47
인지액티브,INJIACTIVE,494
욜프,YORF,190
더블유스탠다드,W STANDARD,265
나이스 매너스 클럽,NICE MANNERS CLUB,56
가든익스프레스,GARDEN EXPRESS,107
후크,HUKE,118
바쥬비쥬,BAJOO BIJOO,104
키시닝,KISYNING,92
오울,OOOWL,186
뮤지엄 오브 피스 앤 콰이엇,MUSEUM OF PEACE&QUIET,112
바이탈싸인,VITALSIGN,619
파렌하이트,FAHRENHEIT,227
슬로우포크,SLOWPOKE,276
바켄,BAKKEN,124
위크나인,WEEK9,131
오엑스 스튜디오,OX STUDIOS,147
에피그램,EPIGRAM,134
트렉스타752,TREKSTA752,106
드롭드롭드롭 스포츠,DROPDROPDROP SPORTS,60
유니버셜 오버롤,UNIVERSAL OVERALL,232
르무통,LEMOUTON,36
드마크,DEMARC,520
투머치택스,TOOMUCHTAX,151
디안티플랫폼,THE ANTI PLATFORM,23
인바디,INBODY,3
골프버디,GOLFBUDDY,6
커먼즈,COMMONZ,43
앤커버,NCOVER,947
블루브릭,BLUEBRICK,163
폴리그램,POLYGRAM,356
크리브나인,CREVE9,395
아티드,ARTID,282
타이크,TYKE,25
마이딥블루메모리즈,MY DEEP BLUE MEMORIES,134
터틀백,TURTLEBACK,33
켈미,KELME,326
플레이부,PLAYBOO,269
와기,WHAGI,44
조마,JOMA,298
마틴골프,MARTINE GOLF,1719
비트 앤 사일런스,BEAT&SLNC,67
리슈,L'ISSUE,30
라임라잇 어패럴,LIMELIGHT APPAREL,75
세븐피겨스,SEVEN FIGURES,170
앤더슨벨 포 우먼,ANDERSSON BELL for WOMEN,77
그란투리스모,GRAN TURISMO,55
클레버필드,CLEVER FIELD,104
로픽스,LOFIX,63
스타터,STARTER,98
베르노,VERNO,258
런던트레디션,LONDONTRADITION,147
락사이코,ROCKPSYCHO,161
마가린핑거스,MARGARIN FINGERS,367
마이스,MAIS,96
파밀레,FAMILLE,117
폴앤앨리스,PAUL&ALICE,532
라그랑지,LAGRANGE,109
굿온,GOODON,97
안젤로비안코,ANGELO BIANCO,388
에프씨엠엠 스포츠,FCMM SPORT,188
맥앤칩스,MCNCHIPS,142
스노우라인,SNOWLINE,112
모이페어,MOIFAIRE,97
미니스웨어,MINI'S WARE,147
쉴드,SHIELD,92
인로우스,INROWS,91
우드비,WOULDBE,21
카파,KAPPA,515
에이본,THE-ABON,1936
언더에어,UNDERAIR,1079
매그제이,MAGJAY,347
쎄르페,SSERPE,109
미나수,MENASOO,241
에르노,HERNO,175
미스터차일드,MISTER CHILD,109
스티그마,STIGMA,292
쎄이연,SAYYEON,111
하이산,HEISAN,22
미치코런던,MICHIKO LONDON,134
그리너리 크리드,GREENERY CREED,413
와이엔,WHYN,352
브루클린웍스 어패럴,BROOKLYN WORKS APPAREL,88
벨락,BELLROCK,41
스트라이크,STRIKE,904
헨리스튜어트,HENRY STUART,585
키네토,KINETO,88
썸앤핏,SUMNFIT,46
스미스아머,SMITHARMOR,353
언톨드레이블,UNTOLD LABEL,150
비범스,BEBUMS,209
매니아매스,MANIAMASS,70
류영,RYUYOUNG,141
에버라스트,EVERLAST,514
오프로드,OFFROAD,412
조거쉬,JOEGUSH,169
파이브라인,FIVELINE,100
라모랭,RAMOLIN,236
카터,KATER,46
팜 엔젤스,PALMANGELS,205
제이엠비이,JMBE,1089
유에스 폴로 어신,USPOLOASSN,89
룬닥스,LUNDHAGS,99
더트,DURT,82
빅토리랩,VICTORYLAP,22
어다울,ADAUL,1021
위메농,OUI MAIS NON,258
어나더유스,ANOTHERYOUTH,459
슬릭앤이지,SLICK AND EASY,143
타일레,TAILLE,134
아임낫어휴먼비잉,I AM NOT A HUMAN BEING,623
킴지수,KIMZISU,204
마조팩토리,MAJO FACTORY,109
로에베,LOEWE,260
비오비골프,BOB GOLF,126
트라택,TRATAC,62
더블힙스,HHIPS,65
알타이기어,ALTAIGEAR,13
베네시아12,BENECIA12,717
레노마수영복,RENOMASWIM,267
패기앤코,PEGGYNCO,676
코랄리크,CORALIQUE,218
와이잭,YJACK,133
클로어,KLOR,134
포트메인,PORT MAYNE,426
선데이후르츠마켓,SUNDAY FRUIT MARKET,177
파코,FACO,28
지장사,ZIJANGSA,72
쿠키시,KOOKEESEE,339
써피,SURFEA,174
아쎄이,ASSAY,50
길단,GILDAN,24
더블랙,BLAEC,50
빌라봉,BILLABONG,449
누브,NOUVE,274
모카썸,MOCCASOM,554
레이트 체크아웃,LATE CHECKOUT,25
포저,POSZER,84
트위,TWEE,96
백퍼센트,100%,76
아메리칸라인,AMERICAN LINE,27
비콜렉터,BECOLLECTOR,51
리액티파이,REACTIFY,113
아이에이치알,IHR,174
웬스데이딜라잇,WE'DEE,780
벨로디네라,VALLO DE NERA,67
수수무,SUSUMU,78
에트오소메,ETRE AU SOMMET,335
프레스톤즈,PRESTONS,38
카미노,CAMINO,2015
페레그린,PEREGRINE,108
하이퍼 데님,HYPER DENIM,144
그레이버 오디너리,GRAVER ORDINARY,231
티아이포맨,T.I FOR MEN,302
디어스토커,DEARSTALKER,201
베리드얼라이브,BURIED ALIVE,374
레씨토,LECYTO,589
아워호프,OURHOPE,168
베루툼 골프,VERUTUM GOLF,268
클로즈드,CLOSED,128
살롱드서울,SALON DE SEOUL,85
발리안트,VALIANT,499
짐브로,GBRO,72
타카히로미야시타 더 솔로이스트,TAKAHIROMIYASHITA THESOLOIST.,7
에스디세븐,SD7,296
아워웨이브,OURWAVE,205
칠스포츠클럽,CHILL SPORTS CLUB,162
리파인드902,REFINED902,139
메리제임스,MARYJAMES,1159
필로컬리,PHILOCALY,89
러브포티,LOVEFORTY,73
카셀,CACELE,41
스쿠읏 핸드미다운즈,SKOOT HANDMEDOWNS,93
아더월들리,OTHER-worldly,504
온프 아이덴티티,ONFF IDENTITY,12
수쿠,SUKU,52
먼데이플로우,MONDAYFLOW,229
뉴비,NEWBIE,121
룩캐스트,LOOKAST,327
아디다스 피트니스,ADIDAS FITNESS,124
시그레이트,SIGREAT,140
더블플래그,DOUBLE FLAG,879
레이지지,LAZYZ,134
라츠유,LOTSYOU,296
시에라디자인,SIERRA DESIGNS,689
엔와이피,N.Y.P,38
세인트새틴,SAINTSATIN,86
씨엘코코,CIELCOCO,599
벤셔먼,BEN SHERMAN,647
링서울,LINGSEOUL,297
네이키드서프클럽,NAKED SURF CLUB,229
애디블,ADDIBLE,61
클리브랜드 골프,CLEVELAND GOLF,33
지에마르,GIEMAR,139
프리키쉬빌딩,FREAKISH BUILDING,524
그랜디오시티,GRANDIOSITY,85
씨엔엔 어패럴,CNN APPAREL,1150
베이직라벨,BASIC LABEL,307
카렘,CAREM,123
이알티알,ERTR,41
와이피와이 디자인 스튜디오,YPY DESIGN STUDIO,66
엔도어,ENDOOR,175
보스트핏,BOASTFIT,119
돕,DAUB,256
라이벌,RIVAL,16
애쉬아워,ASHOUR,59
오프그리드,OFFGRID,256
아틀리에 나인,ATELIER NAIN,1120
가에아,GAEA,30
더웨더이즈어썸,THE WEATHER IS AWESOME,47
포더웨더,FOR THE WEATHER,66
헬로우,HELLOW,157
패처스,PATCHERS,164
보카바카,VOCAVACA,400
블레티,VLETI,287
필더스,FIELDERS,47
핑 골프,PING GOLF,331
플레이메이커,PLAYMAKER,16
우아,OOH-AHH,641
웨닐,WANIL,198
미와이후,MIYHOO,28
서피스에디션,SURFACE EDITION,89
하버드 슈즈,HARVARD SHOES,65
엑스네지,XNAZZY,269
음양,YINYANG,15
언레이블,UNLABEL,65
마리떼 무브망,MARITHE FRANCOIS GIRBAUD MOUVEMENT,45
낫소,NASSAU,20
페이탈고스트,FATAL GHOST,139
컨템포러리 어카운츠,CONTEMPORARY ACCOUNTS,52
테디아일랜드,TEDDYISLAND,354
블러프,BLUFF,196
페인터골프,PAYNTR GOLF,26
탠스댄스,TENSEDANCE,40
리마지,REMAGIE,73
빈폴골프,BEANPOLE GOLF,846
플로르,FLOR,34
쿨트,KULTE,566
베이직엘르,BASIC ELLE,206
빅토리녹스,VICTORINOX,373
라드인사이드,LADINSIDE,66
아수라,ASURA,616
올세인츠,ALLSAINTS,1826
탑스,TOPPS,10
콜미베이비,CALL ME BABY,181
엘바이엘,LBYL,182
하이,HAI,160
백엔포스,BACKANDFORTH,120
피파 1904,FIFA 1904,1029
스텝온리,STAFFONLY,566
지블랙,ZBLACK,194
레노마골프,RENOMA GOLF,1520
플라즈,PLADS7,220
오베르 골프,OBER GOLF,114
라라폭스,LALAFOX,235
레가시,LEGACY,42
매드캐토스 컨트리클럽,MADCATTOS COUNTRY CLUB,176
비볼드비쿨,BEBOLD BECOOL,97
매든,MADDEN,104
벙커버스터,BUNKERBUSTER,298
기어엑스,GEARX,651
오페,OFE,31
오앨,OUEL,243
걸스케이트보드,GIRLSKATEBOARDS,276
오리지널,ORIGINAL,78
알디브이제트,RDVZ,221
스카르파,SCARPA,27
빅웨이브 컬렉티브,BIGWAVE COLLECTIVE,198
폴스미스,PAUL SMITH,338
노디코마,NODICOMA,23
엽페,YUPPE,739
단톤,DANTON,34
맨온더분,MAN ON THE BOON,904
딜라이디,DELIDI,356
꼬띠드 골프,COTED GOLF,75
세러데이 레저 클럽,SATURDAY LEISURE CLUB,40
쎄무아듀,CEST MOIDEW,654
로코로코,ROCOROCO,142
틸다마틸다,TILDA MA TILDA,68
시티스트리트,CITY STREET,99
파나컬트,FANA CULT,508
디메이든,DEMADEN,103
무니치,MUNICH,33
플래닛서프,PLANETSURF,165
로케이트,LOCATE,21
리베레코리아,LIBERE KOREA,397
모헤,MOHAE,136
파세코,PASECO,9
콜핑,KOLPING,307
헌치,HUNCH,240
퓨어핸드,FEUERHAND,18
모어댄파라다이스,MORE THAN PARADISE,99
로우사이클,LOWCYCLE,178
킹아카이브,THE K-ING ARCHIVES,74
라르고,LARGO,111
마끄,MMAK,47
드파시온,DEPASION,400
휴고,HUGO,270
키르티무카,KIRTIMUKHA,129
원더비지터,WONDERVISITOR,130
르세지엠,LESEIZEME,313
선플라워,SUNFLOWER,105
슬로코스터,SLOWCOASTER,76
지미코 브리코,JIMIKO BLICO,48
올드비,OLDBE,42
르바세,LEVASSE,39
애니포트,ANYPORT,313
률앤와이,RYUL+WAI,599
브룩스러닝,BROOKS RUNNING,10
딤플,DIMPLE,80
크로스닷,CROSSDOT,594
하빈져,HARBINGER,51
트립샵,TRIPSHOP,118
1017 알릭스 9SM,1017 ALYX 9SM,105
벰버,VEM.VER,624
수프라,SUPRA,285
헤더먼트,HETHERMENT,115
윌리워 스튜디오,WILLIWAW STUDIO,109
어몽,AMONG,1074
니트에이,NEATA,26
마리끌레르,MARIE CLAIRE,1034
콜드웜,COLDWARM,296
스튜디오니콜슨,STUDIO NICHOLSON,157
객,GAC,179
심플레트로,SIMPLE RETRO,319
녹섭,NOKSEOP,30
베트랙트,BATTRACT,95
마딘,MADIN,36
쏘유레슈어,SOULESURES,78
애스플래폼,ATHPLATFORM,456
아웃도어리서치,OUTDOOR RESEARCH,320
이안조,EAN JO,110
메아,MEA,63
사쿤,SAKUN,18
픽쳐오가닉클로딩,PICTURE ORGANIC CLOTHING,179
하우스 오브 폰드,HOUSE OF POND,24
에임스스튜디오,AIMS STUDIOS,20
블루오버,BLUE OVER,24
포머티브,FORMATIVE,261
모빈스알,MOVINS.R,160
펫츠락 골프 런던,PETS ROCK GOLF LONDON,119
노티그,NOTIG,172
아날로그베이스,ANALOGBASS,35
마르베테,MARBETE,137
노아브,NOAV,103
쎄미,SSEMI,54
나드빌리지,NADD VILLAGE,72
록시,ROXY,500
레이나모라,REINAMORA,391
에프디알,FDR,75
언유주얼 노말,UNUSUALNORMAL,245
제이커스,JKUSS,117
레디카르,RADICAR,17
수에뇨스튜디오,SUENO STUDIO,166
태초,TAECHO,20
피노블랑코,PINO BLANCO,37
이피디벨롭,EPDEVELOP,55
벨로엘,BELLOL,328
코드스탠다드,CODE STANDARD,257
노이스,NOICE,106
코텔로,KOTELO,498
위풋,WEFOOT,11
피스스포츠,PITHSPORTS,37
백야,BAEK-YA,137
론앤디마리,ROND&DÉMARRER,113
핀블랙,PINBLACK,765
노우트,NOUGHT,52
본하이커,BORNHIKER,249
제니피온,ZENIPION,140
피버타임,FEVERTIME,278
쏘비,SEW-B,86
플로우,FLOW,23
원더월에디션,WONDERWALL EDITION,8
롤랑가로스,ROLANDGARROS,111
셀리테일즈,CELITAILS,229
시도,SIIIIDO,21
할로미늄,HALOMINIUM,136
벤디스,VENDIS,110
스파워트,SPALWART,82
데누,DENU,213
지제뮤지엄,ZIZEMUSEUM,197
레이스,RRACE,171
엘런아크,ELLONARC,470
필드워커,FIELDWORKER,165
38컴온커먼,38COMEONCOMMON,204
엠엠지엘,MMGL,2
아쿠드,ACUD,615
누페이저,NEUPAGER,16
기준,KIJUN,530
리이,RE RHEE,656
아옵트,AOPT,144
하이파이브,HYFVE,143
에스파이,ESFAI,153
카사블랑카,CASABLANCA,68
민므,MMINM,35
에프에이디,FAD,131
베르만 어패럴,VERMANN APPAREL,31
에스피엔케이,SPNK,203
스텝어라운드,STEP AROUND,221
소루,SOLEW,276
살롱드키,SALON DE KII,89
돌돌,DOLDOL,2850
헤니트,HENNIT,68
레티켓 스튜디오,LETQ STUDIO,356
올리브 데 올리브,OLIVE DES OLIVE,286
베르드누아,BER DE NOIR,48
구아브,GUAV,44
퀄리티 퍼포먼스,QUALITY PERFORMANCE,58
아이언더스탠드,EYEUNDERSTAND,43
칠씨비,CHILLSEABEE,28
누프에블루,NEUFETBLEU,23
언브로큰,UNBROKEN,94
스너지,SNUZY,61
블루폴,BLUEPOLE,16
프로기어,PRGR,60
니틀리,KNITLY,474
프라임에이트,PRIMATE,43
캠프사이드,CAMPSIDE,152
메이크어토스트,MAKE A TOAST,298
얀코 아르프,JANCO ARP,100
르브아시스,REVOIRSIS,107
윌슨 골프,WILSON GOLF,17
바이브레이트,VIBRATE,497
듀이듀이,DEWEDEWE,176
모티패스트,MOTIFEST,191
멜로우컨셉,MELLOW CONCEPT,59
세리버,SELIVER,108
패러킷,PARAKEET,48
스피도,SPEEDO,134
기프트오리지널,GIFTORIGINAL,179
비피피,BFEEP,229
마욜,MAYOL,288
셀피쉬,SELFISH,104
뒤란,DURAN,482
매드마르스,MADMARS,4
레이버러스,RAVEROUS,366
캘리포니아 프로젝트,CALIFORNIA PROJECT,166
스페로네 우먼,SPERONE WOMEN,177
바베우,VABEU,86
비프레임,B.FRAME,83
디스코도넛,DISCO DONUT,44
두유노우엠씨,DOYOUKNOWMC,311
오더블유오씨,OWOC,14
칸6312,KAN6312,4124
톰스벌스데이,TOM'S BIRTHDAY,88
베르띠엔,VERTIEN,7
드루 골프,DRUH GOLF,281
엘레쎄,ELLESSE,370
제로그램,ZEROGRAM,579
라벨아카이브,LABELARCHIVE,218
구보,GUVO,47
오드원아웃,ODDONEOUT,164
프로월드컵,PROWORLDCUP,1750
어베이브,AVAVE,234
데시레드,DESIRED,122
오아마루,OAMARU,323
베루툼,VERUTUM,147
소신,SOCIN,360
아미안츠,ARMYANTS,28
온리스웻팬츠,ONLY SWEAT PANTS,59
신디,CINDY,70
잔카,ZANCA,473
다니엘크레뮤,DANIEL CREMIEUX,193
14 스튜디오,14 STUDIO,128
로나제인,LORNA JANE,159
머드솔트,MUDSALT,34
뮬리카,MULIKA,16
스위치123,SWITCH123,603
울프라운치,WOLFLAUNCH,38
테니스 보이 클럽,TENNIS BOY CLUB,58
플레이피,PLA.Y_P,73
엔드오버,ENDOVER,2
슈엣뜨 샤폐,CHOUETTE SAPE,173
앤디아더,ANDTHEOTHER,170
빌젠,VILEJEUNE,36
에이앤레이,AEI&REI,127
인에디션,INADDITION,41
니어앤디어,NEAR&DEAR,281
신스레터스,SHINS LETTERS,35
준준스페이스,JUNEJUNE SPACE,381
스부,SUBU,55
90센스,90SENSE,13
베러댄88,BETTERTHAN88,118
노이커먼,NOYCOMMON,47
민더리,MEENDERI,101
그리디어스,GREEDILOUS,1120
아웃사이드프로그,OUTSIDE FROG,15
그레이버 포 우먼,GRAVER FOR WOMEN,82
320쇼룸,320SHOWROOM,371
나우,NAU,608
에비던스,EVIDENCE,148
버프,BUFF,268
키크,KEEK,179
나우앤투모로우,NOWANDTOMORROW,198
소셜그린클럽,SOCIAL GREEN CLUB,87
고코리,GOCORI,205
폴리,FOLI,193
랭썬,LANGSON,516
노앤뮤트,NONMUTE,24
케이스어랏,CASE A LOT,33
베어본즈,BEARBONES,118
포스트제너럴,POST GENERAL,193
디스코드사운드,DISCHORDSOUND,95
콘트로바날레,CONTROBANAL3,149
이고프리덤랩,AEGO FREEDOM LAB,35
아르댓,ARETHAT,63
피엠코,PMCO,93
디프,DIIFF,256
디 그랜드 마틴,DE GRAND MATIN,53
카인즈,KINDS,5
키녹스,KINOX,42
앤니즈,ANDNEEDS,549
리엔드코,RIANDCO,90
클레클레,CLECLE,18
로매니스,ROMANNIS,19
메타퍼,METAPHER,149
핀스드룩,FINSDRUCK,84
비트윈에이앤비,BETWEEN A AND B,143
클렛,CLET,567
장 미쉘 바스키아,JEAN MICHEL BASQUIAT,33
엔오티,NOT,153
무라,MURRA,110
하이버넷,HYBERNAT,94
젠사이,ZENSAI,310
퍼피스딜라이트,PUPPYS DELIGHT,22
던드롭,DUNDROP,537
보이런던,BOYLONDON,249
일레딧,ILLEDIT,102
살롱 드 욘,SALON DE YOHN,1004
굿라이프어드벤처클럽,GOOD LIFE ADVENTURE CLUB,167
올어바웃뉴,ALL ABOUT NEW,29
에이치 블레이드,HEICH BLADE,82
위글위글 패션,WIGGLE WIGGLE FASHION,6
데상트 베이스볼,DESCENTE BASEBALL,170
유피라운지,UP LOUNGE,85
파운드포켓,FOUNDPOCKET,30
마르지하우스,MARJI HOUSE,68
포니,PONY,98
지오지아,ZIOZIA,42
비비씨 어스,BBC EARTH,542
카고브로스 포 우먼,CARGOBROS FOR WOMEN,237
춤선,CHOOMSUN,174
스포츠트라이브,SPORTSTRIBE,87
콜,COAL,163
리맨티스트,REMANTIST,90
젠아더,ZNOTHER,66
알렉스앤에이든,ALEXNAIDEN,66
브루클린 뮤지엄,BROOKLYN MUSEUM,142
드니벨 맨즈,DENIVEL MENS,54
로얄디사이드,LOYALDECIDE,158
브롬톤 런던,BROMPTON LONDON,382
비지트인뉴욕,VISITINNEWYORK,672
어낫띵,A NOTHING,270
보이즈윌비보이즈,BOYS WILL BE BOYS,93
소프터,SOFTUR,59
컴스페이스1980,COMSPACE1980,188
리플래닛,REPLANET,69
르,LE,231
바이스골프,VICE GOLF,558
에스와이2씨,SY2C,365
더페니,THE PENNY,165
챈세스노이,CHANCE'S NOI,227
아이홀릭 캐시미어,AYIHOLIC CASHMERE,247
파이브아워스,5HOURS,118
팔라디움,PALLADIUM,31
원헌드레드퍼센트 포 우먼,ONEHUNDREDPERCENT FOR WOMAN,266
아워플레이스,OURPLACE,91
토핏,TOFIT,59
303피플즈,303PEOPLES,54
5.11택티컬,5.11 TACTICAL,228
프뮤아무르,PREMIERE AMOUR,27
아가타 어패럴,AGATHA APPAREL,268
골든아이,GOLDENAI,26
아노니모아노니마,ANONIMO-A,164
바시카,BASIKA,30
버커루,BUCKAROO,1509
올디,ALL D,15
소토,SOTO,31
랭5,LANG5,196
모티브스트릿,MOTIVESTREET,413
페얼스,PAIRS,41
마크앤로나,MARK&LONA,565
노네임니드,NONAMENEED,40
데님인디고마스터,DENIMINDIGOMASTER,58
이그노어,IGNORE,39
어나더에이,ANOTHER A,134
널,NUL,29
유스크루,YOUTHKREW,278
페이지,PAGE,130
프라이노크,FREIKNOCK,28
와이씨더블유,YCW,132
더 그린컵,THE GREENCUP,46
풀타임,POOLTIME,57
논로컬,NONLOCAL,902
수이봄,SUIBOM,77
오버도즈,OVERDOZ,6
씨웨어바이더지니어스,C WEAR BY THE GENIUS,152
모스,MOTH,244
닥터데님,DR.DENIM,697
느와,NOIR,258
마나비스세븐,MANAVIS7,541
스텀피니,STUMPYNEE,148
알렌스,ALENS,40
비뮤즈맨션,BEMUSE MANSION,363
뮤직프리크,MUSICFREAK,48
네네츠 어센틱,NENETS AUTHENTIC,219
카프리슈,CAPRICIEUX,148
플레이보이 골프,PLAYBOY GOLF,17
도이터,DEUTER,62
더무지,THEMUJI,90
오바인,OBINE,48
뚜오미오,TUOMIO,144
루루슈,LULUCHOU,51
세토,CETO,19
츄쿠츄,CHUCUCHU,165
스토리요가,STORYOGA,29
림닉,REEMNIK,49
그란데라인,GRANDE LINE,205
더스트그레이,DUST GRAY,179
위펄스,WEPULSE,36
오닐웻슈트,ONEILLWETSUITS,142
미드나잇12에이엠,MIDNIGHT12AM,44
노이즈,NOISE,12
디어미,"DEAR,ME",160
가치,Gachi.,227
키크론,KEYCHRON,119
트렁크프로젝트,TRUNK PROJECT,324
본 매그넘,BON MAGNUM,111
크리스첼로,CRISCELO,122
에이원,AONE,117
카네라,CANERA,36
홀릭앤플레이,HOLICNPLAY,587
엑시아,AEXEA,306
트리플엑스,TRIPLE X,15
에씰미,ESEELMI,72
위어드 띵스 파운드,WEIRD THINGS FOUND,28
노드스튜디오,NORD STUDIO,184
지이크,SIEG,215
리메크,LI MEQUE,153
미니멀웍스 어패럴,MINIMALWORKS APPAREL,114
포에드클럽,4EED,103
샐러드바구니,SALAD BAGUNI,159
오픈 에티튜드,OPEN ATTITUDE,332
메카닉스웨어,MECHANIX WEAR,28
하디로어,HARDYROAR,9
잇터,ITER,167
이십칠와이,27Y,41
한수쿠니에,HANSUKNE,43
디와이도샵,DYDOSHOP,32
성1975,SUNG1975,108
브라이언베리,BRIAN BERRY,368
얼데이,ERRDAY,124
미미카위,MIMICAWE,336
스튜디오235,STUDIO 235,787
라라,LALA,216
하드기어 어패럴,HARDGEAR APPAREL,112
앤썸보네흐,ANDSOME BONHEUR,11
피글스,PIGLES,68
디티엠씨,DTMC,102
브라디포,BRADIPO,31
루트무브,ROOTMOVE,20
로에,LEAUET,116
엠에프에스 골프웨어,MFS GOLFWEAR,78
클럿 스튜디오,CLUT STUDIO,268
인미니멀프로덕트,IN MINIMAL PRODUCT,28
르아위,LEAWI,144
녹족,NOKJOK,376
홀리넘버세븐,HOLYNUMBER7,397
쥴리앤칼라,JULIY&CALLA,212
랩101,LAB101,435
오디에르,ODER,199
플림스,PLIMSS,16
바스락,VASROCK,154
넨스,NENS,67
게리루더,GARYLUTHER,82
블랙맘바,BLACKMAMBA,65
씨트윈스,CTWINS,146
플레이스먼트,PLACEMENT,11
크루클린,CROOKLYN,19
아오아오,AOAO,45
블랙크러쉬,BLACRUSH,60
47베이지,47BAG,277
삼성라이온즈,SAMSUNG LIONS,3
윤세,YUNSE,214
로즈애플 스튜디오,ROSEAPPLE STUDIO,130
페노메논시퍼,PHENOMENON SEEPER,74
헬븐,HELLVN,265
힐크릭,HEALCREEK,914
블랙클로버,BLACK CLOVER,206
버블라임,BUBBLELIME,94
이지오 우먼,EZIO WOMEN,198
덕화맨숀,DUCKHWA MANSION,12
시다스,SIDAS,6
락트개러지,ROCKED GARAGE,16
듑벨,DUB'BEL,249
라츠,LOTS,85
옵코드,OPCHORRD,43
모어쥬드,MOREJUDE,243
뮤브,MUEVE,134
엠씨엔스포츠,MCNSPORTS,1384
보니데,BONIDEE,69
제마,ZEMA,27
그래피티온마인드,GRAFFITI ON MIND,21
데미지니모닉,DAMAGE MNEMONIC,455
네이비팀,NAVYTEAM,348
밀레,MILLET,614
나파피리,NAPAPIJRI,178
스코겐,SKOGEN,7
피에프캔들,P.F.CANDLE,12
비토우,BE.T.OW,98
아반,AVAN,88
몽클레어,MONCLER,1304
프루이,FRUI,47
아워피에르,OURPIERRE,56
콰이어티스트,QUIETIST,215
유즈,YUSE,194
마롯,MARROT,69
펠토,PALETOT,92
블릭베이크,BLEAKBAKE,59
배드인배드,BADINBAD,452
미니멀웍스,MINIMALWORKS,352
론트,LOHNT,174
폴루션,POLLUTION,445
에어펀치,AIRPUNCH,42
마조네,MA JOURNEE,145
오제,OJEH,15
쉘코퍼레이션,SHELL CORPORATION,35
오드삭스,ODDSOCKS,41
뮤게,MUGUET,45
핏플렉스,FITFLEX,20
티막,TMAK,267
네오택티컬,Neo Tactical,185
더 로켓,THE ROCKET,854
런던그로서리마켓,LONDON GROCERY MARKET,26
빅쏘디자인,VICXXO DESIGN,160
에이 바이 에이,A BY A,161
분더가이스트,WUNDER GEIST,121
써머레스트,THERMAREST,13
오브이디와이,OVDY,244
하이드오프,HIDEOFF,83
브이브이브이,VVV,358
세니트,CENIT,68
이지지,EEGEEGEE,146
만두카,MANDUKA,33
아쵸,ACHO,176
러블스,LUBBLES,10
나이엔,NAAIEEN,38
일립시스,ELLIPSIS,3
클럽액티비티,CLUBACTIVITY,119
프로틴어스,PROTEIN ERATH,16
백컨트리,BACKCOUNTRY,157
포토막,POTOMAC,26
발란트,BALANT,481
록히드마틴,LOCKHEED MARTIN,141
바이예스헬로톰,BYE YES HELLO TOM,65
큐드로이,QDUROY,126
에이골디,AGOLDE,136
아보카도,AVOCADO,288
피피라핀,FIFI LAPIN,30
템푸스스튜디오,TEMPUS STUDIO,260
위해브어테일,WE HAVE A TAIL,55
누누씨,NUNUSSI,30
프랙텔,FRACTEL,27
베노베로,BENOVERO,197
뉴킷,NEW:KIT,87
러브유어바디,LOVEYOURBODY,137
비트로,VITRO,162
폴코어,PAULCORE,29
슈드비,SUDB,8
오엠지티,OMGT,23
니들라인,NEEDLE LINE,91
미미몽드,MIMI MONDE,94
투어티,TOATEE,54
릿지라인,RIDGELINE,18
싱커루프,SINKERLOOP,82
에코,ECCO,48
유씨 버클리,UC BERKELEY,106
달,DAL,113
플러키티,PLUCKITTY,46
앤드 뉴스탠다드,AND NEWSTANDARD,48
풀라르,PULAR,14
키슨,KITSON,54
예아,YEAH,144
하이어스,HIGHUS,33
와일드 와일드 웨스트,WILD WILD WEST,44
몽키플라워,Monkey Flower,81
토바스,TOVAS,60
오언더알,OUNDERR,216
런투,RUNTWO,24
호쿠스포쿠스,HOKUSPOKUS,224
토트넘 어패럴,TOTTENHAM APPAREL,60
인볼,IN BALL,24
로사이어티,ROCIETY,36
아리프,ALEAF,77
로맨틱스,RAWMANTICS,128
유니핏,UNIFIT,46
플레이블,P_LABEL,677
아키아,AKIA,32
르플레,refle.t,63
바이진저,BY GINGER,259
보헤미안블루,BOHEMIANBLUE,108
커스텀어스,CUSTOMUS,481
피플오브더월드,PEOPLE OF THE WORLD,51
티에스스포츠,TS SPORTS,71
아이얼,IAER,93
하츠크루,HEARTSCREW,134
하우스 오브 써니,HOUSE OF SUNNY,65
비치보이커뮤,BEACHBOY COMMU,16
스테이피플,STAYPEOPLE,255
어센트시티,ASCENTCITY,5
캐피탈 라디오 튠즈,CAPITAL RADIO TUNES,107
리센느,LYCEENNE,102
앱놀머씽,ABNORMALTHING,513
콤팩트 레코드 바,KOMPAKT RECORD BAR,149
고운모자,GOUNMOJA,58
피에스쇼퍼,PSSHOPPER,78
레이쿠,REIKU,154
핫슈트,HOTSUIT,17
넥센,NEXEN,47
인타,INTAR,42
가네샤 요가 프랍스,GANESHA YOGA PROPS,13
르라레,LELALES,94
오와이디 아카이브,OYD ARCHIVE,100
센씨,SENCI,25
이스케이프프롬,ESCAPEFROM,716
헨릭207061,HENRIK207061,95
무오,MUOH,15
어퍼스트롭 골프,UPPERSTROP GOLF,165
피스오브올데이,PEACE OF ALL DAY,35
빈슨메시프,VINSONMASSIF,83
다이와,DAIWA,627
코싸,KOXA,63
고저,GOZER,71
시티브리즈 맨,CITYBREEZE MAN,253
시그니피컨트,SIGNIFICANT,133
비비드프랭키,VIVIDPRANKY,25
그립스와니,GRIPSWANY,369
빈웨드,VINWUED,22
베스띠또,VESTITO,41
보우어,BOWER,64
챔피온 골프,CHAMPION GOLF,430
고블루,GOBLUE,7
리플레이컨테이너,REPLAY CONTAINER,284
유니프레임,UNIFLAME,103
애프터홈파티,AFTER HOME PARTY,183
마인드나인티스,MIND 90'S,48
세라밴드,THERABAND,52
카람바,CARAMBA,24
블랙피피,BLACKPP,71
마르제,MARJE,67
구루스,GURUS,13
윤지영,YOONJIYOUNG,3
타르켓,TARKET,206
포윈,4WIN,20
프로퍼,PROPPER,80
소냐레바이,SOGNAREBY,321
스터프,STUFF,163
스톡홀름 신드롬,STOCKHOLM SYNDROME,149
라스트리조트,LAST RESORT,56
뷔벨로체,VVELOCE,105
머슬가드,MUSCLEGUARD,12
스웻레이블,SWEAT LABLE,206
스너기스트,SNUGGIEST,25
더메모리얼,THE MEMORIAL,13
아이멀크,IMIRK,39
제이엠케이,JMK,40
리유니,LEUNI,52
스탠드먼츠,STANDMENTS,38
하드기어,HARDGEAR,46
"쏘리, 투 머치 러브","SORRY, TOO MUCH LOVE",660
이십오퍼센테이지,25PERCENTAGE,210
마크메이트,MARKMATE,81
이머전시,EMERGENCY,36
케이아스,KAEISS,27
아더로브,ARDOROBE,118
맥파이로빈,MAGPIEROBIN,111
오드닷,ODD DOT,235
코드아이엠,CODE I'M,188
라이프,LYF,35
오디너리피플,ORDINARY PEOPLE,364
인스테이,INSTAY,41
김영주 골프,KIM YOUNG JOO GOLF,203
리스토어,RESTORE,84
무아르모아,MOIREMOA,70
세븐틴스,SEVENTEENTH,293
아사나,ASANA,41
디플리,DEEPLY,14
풋조이골프,FOOTJOY GOLF,57
에잇볼륨,EIGHTVOLUME,648
메스타리,MESTARI,48
에이알씨,ARC,51
에이린,EIRIN,52
댁스터,DEXXTER,78
멧앤멜,MATT AND MEL,111
라드리미티드,RAD LIMITED,78
블랭크,BLANK,430
씨솔트씨,SEA SALT SEA,69
엔오르,EN OR,585
뱉매스,BETMASS,157
엘비비,LBB,8
셔터,SHUTTER,246
드베르망,DEVERRMAN,72
테이크폼,TAKEFORM,111
위씨,WISSY,189
라마로,LAMARO,56
커먼가먼트,COMMONGARMENT,7
더로그,THE LOGUE,43
엠니,M.Nii,37
클라우머니,CLAW MONEY,115
에이징씨씨씨,AGINGCCC,85
크레이지 카 워시 크루,CRAZY CAR WASH CREW,87
상상발전소,SANGSANG POWER STATION,957
미앤더,MEANDER,101
에이디오,ADIO,32
에이더,AIDER,8
오왈라,OWALA,4
아웃도어프로덕츠 골프,OUTDOOR PRODUCTS GOLF,19
글러브웍스,GLOVEWORKS,37
모던스튜디오,MODERNSTUDIOS,3
에르고기어,ERGOGEAR,33
케이엔드,KND,146
러그박스,LUGBOX,64
블랙브라운,BLACKBROWN,59
알엘오엘,R:LOL,73
오션테그,OCEANTAG,39
오프더도어,OFF THE DOOR,2
리브프로,LIVEPRO,25
알엔오티,RNOT,161
어썸어스,AWESOMEUS,704
오잉크오,OINK.O,16
그래미누스,GRAMINUS,62
261이유아이,261EUI,67
소년아카이브,BOY ARCHIVE,3
볼빅,VOLVIK,158
톰디어,TOMDEER,61
비치스앤크림,BEACHESANDCREAM,176
뽀너스,BBONUS,27
베스티리아,VESTIRYA,102
에이디엘티,ADLT,27
일구구일,ONENINENINEONE,200
윔지마인드,WHIMSY MIND,77
르니앤맥코이,LENIC&MCCOY,1034
포스케,FOURTHK,16
디그낙12,DGNAK12,756
스페이버,SPAVER,78
딥컬렉티브,DEEP COLLECTIVE,181
토트넘,TOTTENHAM,8
에트르,ETRESEOUL,34
블랙스미,BLEXXME,40
다임 랩,DIME LAB,24
로너,ROHNER,4
폴러스터프,POLERSTUFF,899
이모션플래닛,EMOTION PLANET,189
슬로우스탠다드,SLOW STANDARD,189
소울바이서울,SOULBYSEL,19
시에로,SIERO,552
돈웨이크미업,DONT WAKE ME UP,24
듀플렉스,DUPLEX,36
바이닉,VYNIC,84
스포틀러,SPORTLER,82
아카이브먼츠,ARCHIVMENTS,83
서플로,SURFLO,97
비비,BIIBII,24
서스테인,SUSTAIN,19
여피,YUPPIE,28
원허닛,ONEHUNNNIT,118
아테스토니 리빙,A.TESTONI LIVING,53
라이프포스,LIFEFORCE,12
모노소잉,MONOSEWING,113
에이치디씨알,HDCR,302
스텔라비,STELLA BE,45
캘러웨이,CALLAWAY,229
던즈더스트,DAWNSDUST,29
오쿠얼,OCCUR,67
어라운드집,AROUND.ZIP,7
벌스원,VERSE ONE,157
코카-콜라,Coca-Cola,183
뮤트뮤트,MUTEMUTE,75
아케시,AKECII,187
스웰맙,SWELLMOB,301
라피드 도미넌스,RAPID DOMINANCE,91
앤드 골프,AND GOLF,107
아웃 오브 트렁크,OUT OF TRUNK,98
이고진,EGOJIN,186
가로,GARO,84
플라스틱보틀보트,PLASTIC BOTTLE BOAT,116
그래프플랫폼,GRAPH PLATFORM,139
누벨바그 코리아,NOUVELLE VAGUE KOREA,200
이즈오프,EASEOFF,29
보스,BOSS,594
로커드,LOKWARD,87
더센토르,THE CENTAUR,704
아클리세,ACLISE,63
골프존,GOLFZON,8
젝시오,XXIO,171
엘나스,ELNATH,82
디알엑스,DRX,19
그린조이,GREENJOY,793
셉템버29,SEPTEMBER29,66
피버미닛,FEVERMINUTE,51
더블유티디,WTD,115
4몬스터,4MONSTER,95
오터박스,OTTERBOX,13
발란사,BALANSA,62
스피카,SPICA,338
질스튜어트뉴욕 맨,JILLSTUART NEWYORK MEN,470
숀리,SEAN LEE,36
니어러스,NEARUS,164
아르고,ARGO,333
꽈페,QUAFE,164
래비티 스포츠,RABBITTI SPORTS,32
유어네임히얼,YOURNAMEHERE,173
니주르,KNIZURE,87
앤드로스,ANDROS,58
미즈노 배드민턴,MIZUNO BADMINTON,21
이스트 하버 서플러스,EAST HARBOUR SURPLUS,36
처클,CHUCKLE,43
피레티,PIRETTI,916
블루썬플라워,BLUESUNFLOWER,57
케이튼,KATIN,133
미디엄스,MEDIUMS,88
이터널유,ETERNALYOU,105
다이비프로,DIVEEPRO,25
캐롯츠,CARROTS,130
카타르시스,KATHARSIS,392
휠라 골프,FILA GOLF,50
플래닛리메이커,PLANET REMAKER,30
스트리트 스탠다드,STREET STANDARD,363
이모잔,IMOZAN,40
샴페인 블랭크 에스테틱,CHAMPAGNE BLANK AESTHETIC,92
파이프,PIPE,35
블렌트,BLENT,125
에이전트픽,AGENT PEEK,392
가인드,GIND,44
세레브레이트위드어스,CELEBRATE WITH US,128
오키아,OXIA,45
헬리콘텍스,HELIKONTEX,185
로롱,LOLONG,105
오우라,OWURA,18
모트릴,MOTRIL,23
스파클링피스,SPARKLING PIECE,67
어텐션로우 포 우먼,ATTENTIONROW FOR WOMEN,139
라인프렌즈 골프,LINEFRIEDNS GOLF,31
스코타,SCOTA,51
해자드4,HAZARD4,74
로르인,L'ORIN,99
아오에,AAAOE,134
웡커,WANKER,31
키지코,KIJIKO,38
까트린,CATTLINE,174
로렌 랄프 로렌,LAUREN RALPH LAUREN,152
엔지니어드가먼츠,ENGINEERED GARMENTS,98
이드,YYD,46
하케쉬,HACKESCH,2
에프엠9102,FM91.02,180
스릭슨,SRIXON,153
드라로얄,DELAROYAL,327
바이얼민스,BYALLMINS,154
예일 골프,YALE GOLF,49
콜맨,COLEMAN,75
겟잇온,GET IT ON,80
더 차일드후드 홈,THE CHILDHOOD HOME,31
피피피,P.P.P,82
레드싹수,REDSSOCKSOO,79
스테인가르텐,STEINGARTEN,160
프라이빗네이버스,PRIVATE NEIGHBORS,38
페이크 케미컬 클럽,F8KE CHEMICAL CLUB,147
메디앤스토리,MEDINSTORY,17
스튜디오테이블,STUDIOTABLE,101
인차일드,INCHILD,28
이즈,EASE,106
제이제인,J.JANE,346
오에이엠씨,OAMC,316
비바프,BEBOF,26
더쇼즈낫오버,THE SHOW'S NOT OVER,27
잭니클라우스,JACKNICKLAUS,1563
패브릭컬러지,FABRIC COLOGY,99
분더캄머,WNDERKAMMER,228
르베르디,LEVERDIR,61
원에임,ONEAIM,15
필시크,FILLCHIC,44
앤드지,AND Z,1864
스위트숲,SWEET SOUP,214
엣드맹,ETDEMAIN,291
이외들,IOEDLE,81
벤들스,BENDLS,192
프레부아,PREVOIR,71
오프튠드,OFFTUNNED,55
마론에디션,MARRON EDITION,219
댕글드랍,DANGLEDROP,134
가니송,GANISONG,393
오드 디파트먼트,ODD DEEPARTMENT,116
카트리나케이,KATRINA K,331
아뜨라베르,ATTRAVER,60
플래그니크,FLAGNIQUE,61
하우스,HAUS,119
오프닝선샤인,OPENING SUNSHINE,240
워브먼트,WOVEMENT,291
에폭,EPOCH,76
비르반테,BIRBANTE,275
카티지하우스,COTTAGEHOUSE,39
노피셜노피스,NOFFICIALNOFFICE,402
클로스랩,CLAUSLAB,40
콘페로랑,CONFEROLANG,242
페슈라,FESSURA,61
어 콜드 월,A COLD WALL,104
온앤온,ON&ON,381
어플레이그라운드,A PLAY GROUND,180
온오프,ONOFF,626
레트흐드레뚜왈,LETTRE DE LE TOILE,44
렉시,REXY,253
조브하,ZOBHA,40
에이틴에이치,EIGHTEEN H,51
메디하임,MEDIHEIM,26
페어라이어 골프,FAIRLIAR GOLF,1557
어프로브드,APRVD,33
히든베이트,HIDDENBAIT,114
하이드아웃,HIDEOUT,910
루드,RHUDE,136
썸띵어쿠스틱,SOMETHING ACOUSTIC,42
미즈노 골프,MIZUNO GOLF,111
얼킨 엘에스디 컬렉션,ULKIN LSD COLLECTION,67
후망,HUMANT,123
다핀하와이,DAFIN HAWAII,18
낫아워스,NOT OURS,57
파니니,PANINI,5
바리게이트,BARIGATE,410
엑시옴,XIOM,147
스캠프,SKAMP,17
럭키슈에뜨,LUCKY CHOUETTE,297
와이와이아이엠,YYIAM,488
써틴먼스,13MONTH,228
런던 언더그라운드,LONDON UNDERGROUND,209
아티클레븐,ARTICLEVEN,137
코튼벨,COTTON BELL,118
쿠메,KUMÉ,290
윈더,WINDER,100
아바몰리,AVA MOLLI,534
이에스씨 스튜디오,ESC STUDIO,381
포셔드,POSHERD,114
씨티에프 갤러리,CTF GALLERY,96
엠티체르마트,MT.ZERMATT,25
윌리엄스버그 뉴욕시티,WILLIAMSBURG NEWYORK CITY,125
에름 파리,HELMS PARIS,9
엠씨엠,MCM,801
타이온,TAION,215
멜란지랩,MELANGELAB,89
발렌티노,VALENTINO,311
라뮤스튜디오,RAMU STUDIO,242
아디다스 배드민턴,ADIDAS BADMINTON,93
끌레,CLE,93
컨티먼트,CONTEMENT,97
라프시몬스,RAF SIMONS,95
노츠,NOTTZ,46
에비너,EVENER,100
오브조이,OFJOY,14
랩,RAB,30
에이븐,AVEN,149
파이비,PIEBY,17
코르카,CORCA,278
세인트나인 골프웨어,SAINTNINE GOLFWEAR,318
헤이릴렉스캄다운,HEY RELAX CALM DAWN,132
랩씨,LAB.C,114
블루닷,BLUDOT,414
032씨,032C,17
포허,FORHER,61
칼라,KARLLAH,111
에디블렛,EDIBLET,155
퓨처레트로,FUTURETRO,124
아크테릭스 베일런스,ARCTERYX VEILANCE,65
로우 투 로우,RAW TO RAW,83
아로우,ALOU,73
모던에이블,MODERNABLE,185
디어라이프,DEARLIFE,104
파이브데크,FIVE DECK,231
1953캠퍼스칸,1953 CAMPERS KHAN,18
씨피티에스,CPTS,123
프라우드 마리,PROUD MARY,326
2113 스튜디오,2113 STUDIO,214
드레,DRAE,163
모노포비아,MONOPHOBIA,100
드롤드무슈,DROLE DE MONSIEUR,57
브루클린데님,BROOKLYN DENIM,107
하이투,HYIIⁿ,210
시테드시테,CITE DE CITE,137
씨위,SIWY,107
유제피,YUZEFI,59
컬러힐,COLORHEAL,1
바디크루,BODYCREW,45
디올,DIOR,19
랄모드,RALMODE,188
세이어,SAYER,76
캠브리지,CAMBRIDGE,71
쏘이르,SO IR,207
니티나,NITINA,200
탑걸,TOPGIRL,131
딜레탕티즘,DILETTANTISME,178
노우드,NOEUD,124
아템포,ATEMPO,257
비에이블투,B ABLE TWO,307
프롬아를,FROM ARLES,120
라세레모니,LACEREMONIE,74
라이크와이즈,LIKEWIZE,138
마티올라,MATTHIOLA,33
디어피어,"DEAR,PEER",119
필드매뉴얼,FIELDMANUAL,232
라빈,RAVIIN,74
메버릭,MEVERICK,163
밀리밀리언,MILLIMILLION,98
블랭크03,BLANK03,464
치키타,CHIQUITA,1205
본로우,BONRROW,91
혼가먼트,HORN GARMENT,631
제메타,ZEMETA,92
켈리도나휴,KELLY DONAHUE,275
얼킨,ULKIN,88
샤인온유,SHINE ON YOU,213
헬무트 랭,HELMUT LANG,83
더 로우,THE ROW,131
오이에프,OEF,159
피아쁘,PIAP,59
티니타이거,TEENYTIGER,94
밀레 클래식,MILLET CLASSIC,468
이니즈,INYS,35
로우나우,RAWNAW,26
테스터먼트,TESTAMENT,93
르씨,LXXI,27
마크니,MACNI,39
스너그유,SNUGU,62
에드린,ATELEEN,172
블랭크룸 우먼,BLANKROOM HER,65
치팅오이스터,CHEATING OYSTER,62
꾸레쥬,COURREGES,92
크루멤버스온리,CREW MEMBERS ONLY,33
밥캣,BOBCAT,112
슈브토,SHVTO,45
라이트웨이,LITEWAY,23
리에이크,RYAKE,67
일구구공보이,1990BOY,24
러브어스유,LOVEUSU,149
빈센트네이비,VINCENT NAVY,47
머신보이머신,MACHINE BOY MACHINE,13
아르스 콘택트,ARSCONTACT,122
와이더블유젯,YWZ,40
므아므,MMAM,133
무디디,MUDIDI,207
랭앤루,LANGNLU,241
퓨처,FYUCHR,36
하이드로겐,HYDROGEN,431
으음키임,EMKM,61
라인 스튜디오 원,LINE STUDIO ONE,199
우즈,OUSE,105
아케인 펑크,ARCANE FUNK,100
까이에,CAHIERS,329
스맥스코리아,SMAX KOREA,18
하울,HOWL,350
누아드비뉴,NOIR DE VIGNE,27
레브레브,REVE REVE,76
스탠아드,STAN ARD,360
누보텐,NUVO10,266
모노플로우,MONOFLOW,141
뭉,MWOONG,66
스튜디오앤파르크,STUDIO&PARC,205
씨이제이,CEJ,124
에프아이마피아,F.I.MAFIA,73
무무스크,MUMUSK,20
이안 폴터 디자인,IAN POULTER DESIGN,428
마로 골프,MARO GOLF,53
더블유엠엠스튜디오스,WMM STUDIOS,111
루스,RUS,83
젠벨루어,ZEN VALEUR,7
유센틱,YUTHENTIC,62
르누쿠,LENUCU,134
더 스튜디오 케이,THE STUDIO K,257
피즈,PHIZ,130
디에봇,DIEPHOD,132
뮐,MUILL,43
로희어패럴,ROHEE APPAREL,128
미시카,MISHKA,159
프로젝트인,PROJECTIN,77
유룩,ULUK,49
일로일,ILOIL,84
이제이노리,EJNOLEE,135
누아네임,NUANAME,27
에이오더블유,AOW,131
레큘리,RECULER,33
도픈,DOUPWN,71
릭크골프,LIKK GOLF,205
와이쏘씨리얼즈,WHYSOCEREALZ,133
토즈,TODS,226
라라써니사이드,LALA SUNNYSIDE,117
크리티컬플렉스,CRITICALFLEX,101
네임랩,NEIMLAB,50
글래헤우그,GLAHEUG,97
코엘로나인,COELO NINE,59
올강 디자인 스튜디오,ALL KANG DESIGN STUDIO,151
콘체르트,KONZERT,76
69슬램,69SLAM,337
세지니스트,SEJINIST,206
블루멀,BLUEMERLE,40
노벤타 케이,NOVENTA-K,46
캔바츠,CANVARTS,24
블랑드누아,BLANC de NOIRS,4
에이오엑스,AOX,53
써미트,SUMMIT,56
엔비엔씨,NBNC,99
씨엘르 애슬레틱,CIELE ATHLETICS,17
언더베이스,UNDERBASE,271
에딧먼트,EDITMENT,165
광동 프릭스,FREECS,6
칼리코,CALICO,57
몬풋,MONFOOT,38
로비에띠,LO BEATI,180
아이엠제이,IM.J,31
이알엘,ERL,61
나우바우,NOWBAU,32
마우솔레움,MAU SOLEUM,139
요비트,YOBEAT,82
디어리쉬,DEARISH,117
웨더몬스터,WEATHERMONSTER,86
이프엘스,IFELSE,55
쿄,KYO,99
레베니아,LEBENEA,37
보켄,VOKEN,65
아무르,AMOUR,241
주네시,JUNECI,50
스핏파이어,SPITFIRE,216
엑스사키,X-SACKY,44
키치앤키스,KITSCH&KISS,84
타브,TAV,246
반스플라이,VANCEFLY,207
애쉬그레이 스튜디오,ASHGRAY STUDIOS,72
네버마인드올,NEVERMINDALL,254
프라이하잇,FREIHEIT,134
맨인정글,MEN IN JUNGLE,188
바낙스,BANAX,130
텐블레이드,TENBLADE,182
세울리앙,SEOULIEN,22
다미끼크라프트,DAMIKICRAFT,238
혜영킴,HYEYEONG KIM,49
캡스앤스터프,CAPSNSTUFF,249
롤링롤라이,ROLLINGROLLEYE,115
플레이몬스터,PLAYMONSTER,47
모토벨로,MOTOVELO,71
아스파라거스,ASPARAGUS,87
토잉크,TOINQ,221
일루스트리스 일루전,ILLUSTRIS ILLUSION,86
페이크캠퍼,FAKE CAMPER,92
벨르마,BELLEMA,34
카레타,KARETA,106
코캔클,COCANCL,100
더 매드니스,THE MADNESS,137
논노드,NONNOD,3
메이호,MEIHO,70
더룸,THELOOM,794
세이에라,SEIERA,85
파렌,FAHREN,11
엠씨엘,M.CYL,36
몬디악,MONDIAC,45
제이빈야드,J VINEYARD,269
미타,MITTA,59
고목,KOMOK,161
드니벨,DENIVEL,126
라온,RA_ON,99
리블렛츠더블엠,REBLETSWM,18
아마이유우츠,AMAIYUUTSU,14
스포츠 일러스트레이티드,SPORTS ILLUSTRATED,48
르쏘넷,LESONNET,103
큐마일,QMILE,348
니커보커,KNICKERBOCKER,54
에이프릴77,APRIL77,85
제스타임,ZESTAIM,46
오드랭귀지,ODDLANGUAGE,41
킴도,KIMDOH,51
육심원,YOUK SHIM WON,776
에스블랑,S BLANC,114
나사,NASA,207
해브레스,HAVELESS,139
칼리어스,CALLIOUS,21
크로이센스,CROISSANCE,16
임페리얼모션,IMPERIALMOTION,413
오예,OHYEAH,37
아놀,ANOL,34
비콰이엇,B QUIET,103
플렉서블,FLXBL,161
르니앤맥코이 골프,LENIC&MCCOY,63
비마이티,BEMIGHTY,74
탭루덴스,TABBLUDENS,87
바이브,BYBE,17
이아,EAAH,114
아너 더 기프트,HONOR THE GIFT,49
카고 컨테이너,CARGO CONTAINER,41
티나블러썸,TINABLOSSOM,330
엘오지,LOG,121
홀페이퍼,WHOLE PAPER,45
에이리프,A.RIFF,352
에이리웨어,ARIWR,50
스윗원에이티,SWEET ONE EIGHTY,159
헤일리,HALEY,232
맥케이슨,MCKAYSON,584
아웃셀,OUTSHELL,117
차마스포츠랩,CHAMASPORTSLAB,80
플래디,PLADI,53
키셰리헤,KICHELEEHE,77
바쏘옴므,BASSOHOMME,66
오아이브,OIVE,81
온센느,ONSENNE,48
섹 바이 리군,SEC BY RIGOON,257
커먼스탠다드,COMMON STANDARD,48
프레디앤머큐리,FREDDIE AND MERCURY,23
아시하,ASIHA,198
오켄스 서울,OKENS SEOUL,55
마스컬렉트,MARS COLLECT,127
아이엠아이,IMI,43
안티히어로,ANTI HERO,95
영월정션,YOUNGWALLJUNCTION,45
마리네이드,MARINADE,46
디어류,DEARYU,56
블러브,BLUV,182
라이프 아카이브,LIFE,173
블로우,BLOW,56
사올라,SAOLA,37
올아이즈다운,ALL EYES DOWN,58
로이터로이터,LOITER LOITER,46
마네스,MANES,109
마이누,MINU,41
네이처하이크,NATURE HIKE,163
빔바이롤라,BIMBA Y LOLA,651
버튼플레이,BUTTONPLAY,155
토새,TOSE,60
엘르골프,ELLE GOLF,664
낫온리포투데이,NOT ONLY FOR TODAY,105
왓더퍽,WHATHEPUCK,60
구김스 컴퍼니,GOOGIMS COMPANY,52
한량,HANRYANG,269
어바웃피싱,ABOUTFISHING,50
하이골드,HIGOLD,41
프린제이,PREENJ,48
로액슈얼,LO AXUAL,102
위니즈,WINEEZ,22
후톤,HUTOAN,111
채뉴욕,CHAENEWYORK,151
서울어패럴,SEOUL APPAREL,34
세이브어독,SAVE A DOG,39
엠엔더블유,MNW,184
이엠엠,EMM,142
사운즈 비뮈에트,SOUNDS BMUET,79
오브젝트 매터스,OBJECT MATTERS,35
세컨드 아르무아,02ARMOIRE,93
필로비스놑,FILOBISKNOT,132
스튜,STHU,92
굿데이메이트,GOODDAYMATE,95
캄 다운,KALM DOWN,29
프라이데이 나이트 골프 클럽,FRIDAY NIGHT GOLF CLUB,101
모스모르,MOS MOR,62
수키,SUKEE,20
아이미아이,IMEI,54
지스자스,ZISZAS,48
콴토데로코스,QANTO DE LOCOS,104
파케,PAKKE,30
아우브아워,AUBOUR,212
어본어스,AWE BORN US,44
뮤즈바이로즈,MUSE BY ROSE,195
캠프,CAMPEYEWEAR,25
이스트스트릿,EASTSTREET,52
리드로,LEADRAW,60
키메,KIME,87
이파르카,E.PARCA,53
헤레시,HERESSY,50
아스트레이,ASTLAY,31
꼬마크,CCOMAQUE,117
롬프,ROMP,82
코페르니,COPERNI,77
노스 씨 클로딩,NORTH SEA CLOTHING,4
강자매,KANG SISTER,196
어퍼스트롭,UPPERSTROP,74
쿠로시오,KUROSHIO,91
언어더컬러,ANOTHER COLOR,70
리카인드,REKIND,23
바이브린,VIBEREEN,56
비건타이거,VEGAN TIGER,345
버뮤다그래스,BERMUDAGRASS,84
씨오엠이,COME,188
서서,SUHSUH,35
비먼,VIMUN,165
더블에잇,DOUBLE EIGHT,114
네이로,NAYRO,63
미스페라,MEASPHERA,120
플로팝,FLOPOP,52
페르시안캣 골프,PERSIANCAT GOLF,220
가릭스,GARRIX,111
피스케이터,PISCATOR,214
제로 할리버튼 골프,ZERO HALLIBURTON GOLF,207
아마듀,AMARDEW,53
아라,ARA,77
솔티플라워,SALTY FLOWER,134
블라뱅,BLAHBANG,38
덴시티,DENSITY,37
화이트볼,WHITEBALL,24
진주유즈,JINJUSE,28
파베르핑거,FABER FINGER,156
베이직코튼,BASIC COTTON,48
팔로우파더,FOLLOWFATHER,12
렘플레이스먼트,REMPLACEMENT,35
핸드,HAAND,23
인디고 미드나잇,INDIGO MIDNIGHT,18
나인밧,NINEBAT,58
홀리데이 아우터웨어,HOLIDAY OUTERWEAR,82
주네시 스포츠 클럽,JUNECI SPORTS CLUB,65
에포님,EPONYM,104
붐베이직,BOOMBASIC,115
라드앤파,RAD AND FAR,38
르희,LEHEE,18
르베띠르,REVETIR,87
비쿨,BE COOL,46
라티젠옴므,L'HOMME,33
벨루아,VELUA,20
휴먼갤러리,HUMANGALLERY,83
컨셉츄얼,CONCEPTUAL,96
헬즈벨즈,HELLS BELLS,8
이알에스코,ERSCO,111
아이코노그라피,ICONOGRAPHY,257
싹,SAKK,39
메종드메이어,MAISON DE MAIER,41
아이아이,EYEYE,652
모이아,MOIA,632
몽플리쎄,MONPLISSE,88
오브영,OFYOUNG,11
사이,SAI,108
인터레스트,INTEREST,93
유가당,YUGADANG,39
와이이오,YEO,41
오피쉬,OAFISH,20
슈가포인트,SUGAPOINT,355
만지,man.G,367
웨그,WEG,122
럭츄,LUCK CHOU,45
딤스킨,DIMSKIN,17
브루앙,BRUANT,110
리코나인,RICONINE,31
꼬르녹,CORNOQ,97
듀이하트듀이,DEWE HEART DEWE,12
온느,ONNE,191
유즈드퓨처,USED FUTURE,256
스타일바이미인,STYLEBYMIIN,191
존오프,ZONEOFF,56
에스코티지,ACTG,29
오버그로우,OVERGROW,75
이스트인디고,EASTINDIGO,141
아노윅,ANOWEEK,68
씨드느와,C DE NOIRS,170
어져드,OZOD,70
포스트엑스,POSTX,19
루나시,LUNACY,54
엘유피,L.U.P,179
코블리나우,COBLYNAU,20
판가이아,PANGAIA,57
피지알,PGR,182
브로이어,BREUER,309
밀레골프,MILLET GOLF,36
제이든척,JADENCHUCK,24
이세이 미야케,ISSEY MIYAKE,103
라드레드,RAD RED,137
루브라이,RUBRAE,76
클레어 드 세이지,CLAIR DE SAGE,225
이이,EE,51
카오스모스 바이 탈리,CHAOSMOS BY TALLI,39
메렌스,MERENS,11
플리즈무브,PLEASE MOVE,59
르에,RRRRRE,107
마이앙스,MAIANS,17
시호런던,SHIHO LONDON,135
에인션트 유니온,ANCIENT UNION,43
루어팩토리,LURE FACTORY,42
도조,DOZOH,156
그리미,GREEMY,75
뮤에,MUER,96
져지팩토리,JERSEY FACTORY,66
루오니어,LUONEER,92
케어프리,CAREFREE,39
게임 셋 매치,GAME SET MATCH,22
셀린느,CELINE,390
장진석,JANGJINSEOK,16
아디다스 컴뱃 스포츠,ADIDAS COMBAT SPORTS,20
페이크마마,FAKEMAMA,270
콤마나인,COMMA9,25
슬로우가먼츠,SLLOW GARMENTS,57
이프시,IFXY,134
농심 레드포스,NS REDFORCE,3
맥아더어패럴,MACARTHUR APPAREL,4
보이스캐디,VOICE CADDIE,32
프리모리,PREMORY,9
볼빅 골프웨어,VOLVIK GOLFWEAR,450
케이케이,KAYKAY,48
벤에시,VENECY,47
도디치,DODICI,56
리플렉티브룸,REFLECTIVE ROOM,18
더블유워크샵,WWORKSHOP,10
유니스,YOUNESS,102
시리즈,SERIES,34
켈티,KELTY,63
칼렉,KALEG,242
헬스포츠,HELSPORT,50
라우브,LAUV,51
마쭈,MAZZU,21
디플랫,DPLAT,331
노비스,NOBIS,62
하워드슈터,HOWARDSHOOTER,29
비커민,BKERMIN,30
돌키,DORKY,90
나누쉬카,NANUSHKA,106
카멜로,KAMELO,18
미네랄 스튜디오,MINERAL STUDIO,61
룬케이브,LUNECAVE,42
아이스가든에이오공팔,ICE GARDEN A.508,81
맥블랙스포츠,MACBLACKSPORTS,106
스테이 위드 미,STAY WITH ME,45
어나우트,UNNOUT,63
선데이하비클럽,SUNDAY HOBBY CLUB,152
에콘,EKHON,56
프레임 오프,FRAME OFF,134
스윗스윗니스,SWEET SWEETNESS,30
마스콥,MASSCOB,58
크림스랩,CREAMS LAB,43
쟈습,J'ASP,74
판영,FANYOUNG,48
스펑키,SPUNKY,125
로비크,LOVIQ,50
스토레츠,STORETS,311
플래닛머큐리,PLANET MERCURY,29
모메벤,MOMEBEN,80
플로우먼,FLOWOMEN,45
메츠,MATS,113
누댓,NUDAT,50
유니스튜디오,UNISTUDIO,87
플라스틱,FLASTTIC,130
온츠,ONTZ,81
플랩,FLAP,54
벙트 프리베,VENTE PRIVE,6
맨셔네어,MANSIONAIR,98
라비올렛트,LA VIOLETTE,40
퍼니피그메이드,FUNNY PIG MADE,85
블랙후디,BLACK HOODY,50
안트포스트,ANTEPOST,23
플러스82갤러리에스,PLUS82GALLERY,9
오브떼,OBETE,51
유어인바이티드,YOU ARE INVITED,84
웬아이워즈영,WHENIWASYOUNG,42
포즈넘버에잇,POSE NUMBER EIGHT,51
베이루트,BEIRUT,67
굿덴,GOODDEN,100
미드나잇서커스,MIDNIGHT CIRCUS,175
아야야,AYAYA,122
백씨,VAEKCIE,94
케이 커런트,KEI CURRENT,16
다운블로우,DOWNBLOW,110
리플링,LEAPLING,63
이프지오,IFG5,176
에임스윙,AIMSWING+8,154
클로티,CLOTTY,349
아웃오브바운즈,OUT OF BOUNDS,41
지프릭스,GPRIXX,24
맨션 헴,MANSION HEM,50
클랭클랑,CLANG CLANG,81
굿바움,GUTBAUM,19
어나더리더,ANOTHER LEADER,103
플로썸,PEACE BLOSSOM,11
온웨어,ONWEAR,27
에스아이씨,S.I.C,12
201브리드,201BREED,42
채드프롬,CHADPROM,183
올드페이보릿,OLDFAVORITE,7
서울레코드페어,SEOUL RECORD FAIR,7
리버스 서울,REVERSE SEOUL,115
데이오프,DAYOFF,10
티레인,T-REIGN,6
스캇골프,SCOTTGOLF,23
누벨르미에르,NOUVELLELUMIERE,91
토네이도스포츠,TORNADOSPORTS,15
윙,WING,54
헤티,HETIT,48
컬러블라인드,COLORBLIND,27
라익미,LIKE ME,44
몬츄라,MONTURA,88
타이틀,TITLE,5
아플라프,AFLAF,23
노타,NOTA,106
지아니루포,GIANNI LUPO,429
신일,SHINIL,35
사운즈굿,SOUNDS GOOD,25
이츠독,ITSDOG,54
오쏠리,OSOLI,27
모노파틴,MONOPATIN,114
헤오,HEO,50
웹젠 프렌즈,WEBZEN FRIENDS,50
스카이 케어,SKY CARE,11
메종246,MAISON246,210
트웬티포티,TWENTY FOUR T,126
배러댄서프,BETTER THAN SURF,97
덴스,THENCE,59
오스하이,OSHIGH,61
화이트마운티니어링,WHITE MOUNTAINEERING,24
르이엘,LE YIEL,227
투인,TUIN,41
247시리즈 포 우먼,247SERIES FOR WOMEN,61
에프코코로미즈,FCOCOROMIZ,95
마논테,MANONTE,32
그라운즈스웻,GROUNDSSWET,43
자니카슨,JOHNNY CARSON,88
토이에스트,TOIEST,79
어퓨커멘츠,A FEW COMMENTS,60
콘센트12,CONCENT12,118
저스트행,JUSTHANG,216
프릭스 바이 김태훈,FREAKS BY KIMTAEHOON,93
코엣,COETT,108
살레와,SALEWA,166
머씨크라운,MERCY CROWN,26
제이올,J-ALL,58
선대스쿨,SUNDAESCHOOL,45
요크민스터,YORKMINSTER,60
아움89,AUM89,42
태키,TEKII,18
오이소엘,OESOEL,49
오브젝트 뮤지엄,OBJECT MUSEUM,62
쏘지,SSOJI,72
코일리,COILY,10
게리앤프레키,GERI AND FREKI,88
우빙,WOOVING,111
라드,LAD,57
씨이알,CER,58
사이키아티스트,PSYCHIARTIST,21
르포롱,LEFORONG,68
팔레트,PALETTE,100
스튜디오 칸틴,STUDIO KANTINE,214
바스키아 브루클린,BASQUIAT BROOKLYN,236
글렌뮤어,GLENMUIR,166
어거스트클라우드,AUGUSTCLOUD,16
웅,WOONG,78
보울룬,BOWLLOON,233
페이스풀,FAITHFUL,26
인프랩,INPREP,108
아주르,AZUR,24
언히든,UNHIDDEN,22
버나드밀즈,BERNARD MILLS,52
슬로우휴먼,SLOW HUMAN,19
내핑스노우,NAPPINGSNOW,53
아브드레브,ARBRE DE REVE,27
오프더코드,OFF THE CODE,42
프로타곤,PROTAGON,51
레이지레이크,LAZY LAKE,212
프랭크 도미닉,FRANK DOMINIC,20
써,SER,35
이치니,ICHINY,14
레스트인피시스,RESTINPIECES,74
보그,VOGUE,36
슬리피곰,SLEEPYGOM,73
르미에브,LEMIEV,34
커뮤니티클럽,COMMUNITY CLUB,35
푸마 골프,PUMA GOLF,68
클래스크로운 골프,CLASSCLOWN GOLF,95
월드스포츠카드,WORLD SPORTS CARD,3
노모어베이글스코어,NOMORE BAGELSCORE,39
커넥트엑스,CONECTX,74
에스.티.듀퐁 클래식,S.T. DUPONT CLASSICS,124
비앙키,BIANCHI,25
이브니에,EVENIE,421
누크피터,NUUKFITTER,46
피어리스니스,PEERLESSNESS,74
뮤니 프로젝트,MMUNI PROJECT,47
브이엑스,V-EXX,45
플러터 스튜디오,FLUTTER STUDIO,55
칼론,CALONE,33
에스 막스 마라,S MAX MARA,149
레드오리지널,RED ORIGINAL,49
다로,DARO,117
제이디엑스,JDX,376
루루,RURU,52
스탠다드커브,STANDARD CURVE,42
케리에르,CARRIERE,283
포셉,FOCEPS,384
볼더씨,BOULDER C,7
너버스,NERVOUS,29
디씨,DC,19
그레이양,GREYYANG,40
에이콘,ACORN,205
아치더,ARCH THE,132
에슬리나블루,ATHLINABLUE,42
팽고,FANGOH,96
이치디퍼,EACHDIFFER,54
초시,CHOCI,30
어굿데이,AGOODDAY,75
다카인,DAKINE,20
유팅골프,UTING GOLF,39
한사골프,HANSA GOLF,60
렉스스펙스,REX SPECES,21
루드,LUDE,111
크로닉스,CHRONYX,43
기명,KIMYUNG,148
지프로,JIPRO,67
까데호,CADEJO,5
짐머만,ZIMMERMANN,15
수피어,SUPHERE,12
마크앤로나 티 라인,MARK AND LONA T-LINE,60
소어리움,SOWERIUM,99
단하우스,DAAN HAUS,54
하버드,HARVARD,67
뮤젤,MUJEL,66
루 프로젝트,LUE PROJECT,64
더블유아이엠,WIM,45
비안키미이예,BIENKIMIIYE,30
콘도르,CONDOR,47
에이프 더 그레이트 앤 스포트,APE THE GREAT&SPORT,93
도름,DOLM,56
패터슨,PATERSON,30
블루 제이너 클럽,BLUE JAINER CLUB,73
몸,MOME,19
소이유,SOIIU,82
프리저브드 스테이션,PRESERVED STATION,39
노멤버스,NO MEMBERS,11
쎄뚜,CETU,45
더 베리 띵,THE VERY THING,182
다이빙스팟,DIVINGSPOT,52
에스에스큐알,SSQR,172
누팍,NU PARCC,85
호웨어,HOWEAR,218
짐마스터,GYM MASTER,190
멀리온,MULLION,19
올리버코튼즈,OLIVERCOTTONS,3
오리지날 스왓,ORIGINAL SWAT,42
왓더웨어,WHATTHEWEAR,41
오드 아워스,ODD HOURS,31
논메인스트리머,NONMAINSTREAMER,76
어그로,AGGRO,68
블렌드클럽,BLNDCLUB,26
데몬스트레이트,DEMONSTRATE,4
엔 아카이브,N ARCHIVE,21
아웃오브하빗,OUTOFHABIT,41
요한스킴,JOHANSKEEM,41
에너스킨,ENERSKIN,14
포지티브 바이브,POSITIVE VIBE,69
애슬라즈,ATHLAZ,15
에잇피스,EIGHTPEACE,21
콘보이,CONVOY,121
사이,SAII,73
피그밀리언,PIGMILLION,74
비아봉드비아,VIABON DE VIA,50
브로우엔드,BROW END,74
모더레이트,MODERATE,34
라울,LAUL,83
크랙 애슬레틱,KRACK ATHLETIC,33
이일공 이구칠,210X297,27
인뎁,INDEP,21
해즈,HAZ,50
영앤드원,YOUNGANDONE,17
고디크,GOTHICQUE,76
밀스펙몽키,MILSPEC MONKEY,79
젬킨스,JEMKINS,6
어레인지,ARRANGE,44
메이드한멋,MADEHANMUT,26
바슈,BASSHU,27
아드베스,ARTS DE BASE,45
크림골프,KLIMGOLF,16
슈퍼노바,SUPERNOVA,35
제이리움,JRIUM,692
더가스펠오브,THEGOSPELOF,18
마린 세르,MARINE SERRE,44
핏터레스트,FITTEREST,16
해튼 랩스,HATTON LABS,14
칼레이트,CALLAITE,93
나나크루,NANA CREW,26
로시야,ROSIYA,70
145오피스,145OFFICE,47
아혼,AHHORN,51
토미라이프,TOMILIFE,28
베넘,VENUM,67
오키오 라운지,OKIIO LOUNGE,20
베이스크림,BASECREAM,32
씨폴리,SEAFOLLY,176
폴라리스,POLARIS,49
슈와,SCHWA,15
무라코,MURACO,39
피이이피,PEEP,23
컴피 슈레이스,COMFY SHOELACE,6
울파워,WOOLPOWER,16
범,BEOM,77
낫띵에브리띵,NOTHINGEVERYTHING,121
비슬라,VISSLA,164
스피디,SPEEDY,75
옴므 플리세 이세이 미야케,HOMME PLISSE ISSEY MIYAKE,33
오프위켄드,OFF WEEKEND,16
옌키옌키,IENKI IENKI,60
디아뎀,DIADEM,35
러뷰이,LOVUEE,121
오메르타,OMERTA,84
플랑프레레,FLANC FRERE,18
데어드,DARED,77
페이리,FAYRI,38
로엠,ROEM,1244
김미더영,GIMMETHEYOUNG,54
미테,MITTE,471
선데이 에센셜,SUNDAY ESSENTIAL,38
크리션,CRISION,202
스톡홀름 서프보드 클럽,STOCKHOLM SURFBOARD CLUB,84
키아세,KIIACE,14
오보즈,OBOZ,13
더블에스씨 아카이브,WSC ARCHIVE,54
할리마이스터,HOLLYMEISTER,69
지보스,GVOSS,38
티알브이알,TRVR,26
카니,CANNI,28
서니드클럽,SEONEED CLUB,41
키모우이,KIMOUI,11
유제이비커밍,UJ BECOMING,38
언놈 이즈 데드,UNNORM IS DEAD,84
마르코 폴라,MARCO POLAR,25
세이지 네이션,SAGE NATION,10
웨어리즈,WEARIS,292
마로이,MAROYH,59
에이치티원오원,HT101,71
바비숑,BARBICHON,58
벌,BIRL,24
캠퍼 골프,CAMPER GOLF,66
노우웨이브,KNOW WAVE,39
더애쉴린,THE ASHLYNN,62
엑스헤일,EXHALE,48
이콤마이,ECOMMAE,158
프로젝트 조조,PROJECT JOJO,29
데이브앤데이즈,DAVE&DAZE,102
미디어82,MEDIA82,31
립컬,RIPCURL,103
타이거클래식,TIGERCLASSIC,8
월페인터,WALLPAINTER,32
니즈,NEASE,65
리즈리스,LEEDSLESS,66
사라나기,SARANAGI,29
블루디 블루,BLUDI BLU,55
세컨드리플레이,SECONDREPLAY,30
스탠다드블루,STANDARD BLUE,232
꼴레꼴레,COLECOLE,17
디피와이에스엠엔티,DPYSMNT,44
불멍,BULMENG,43
에리아,ERIA,88
프로케넥스,PROKENNEX,54
노어낫,NORNOT,107
나이트플로우,NIGHT FLOW,125
올도우,ALTHOUGH,87
자코파네,ZAKOPANE,33
하이랜드 델리 앤 그로서리,HIGHLAND DELI AND GROCERY,49
드핀,DEFIN,66
이노스 골프,INOS GOLF,139
퍼프와트,PUFFWATT,25
라이클리후드,LIKELIHOOD,77
그로스인벤토리,GROSSINVENTORY,84
올플레임,OL FLAME,100
노클레임,NOCLAIM,20
아르75007,ARRT75007,42
아늑,ANUK,7
라스포르티바,LA SPORTIVA,48
킷시,KEITHSSY,30
체크밀런,CHECKMILLEN,107
디센디스,DISENDIS,32
로코베이직,LOCOBASIC,25
구공페스트,GOOGONGFAST,34
럭키플로우,LUCKY FLOW,23
보이센트럴,BOY CENTRAL,41
컬러즈뉴욕,COLORZ NEW YORK,9
에스더블류앤엘 시원리,SWNL-SIIWNLEE,26
파노브,PANOVE,36
소수,SOSU,24
코제트,KOZETT,24
맥나인도씨,MAC 9ºC,54
바우스트,BAUST,49
노메러왓,NOMATTERWHAT,25
저스트무드,JUSTMOOD,49
위미위,WEMEWE,51
리와인더,RWDER,64
오키플레이스,OKEYPLACE,13
단아,DANAH,69
랑자머,LANGSAMER,12
아타르,ATAR,55
코엔프,COENPE,18
블랙아스터비,BLACK ASTER B,60
아스트로뷔스,ASTROVUS,3
이레스,YLES,4
엠앤엘,MNL,76
크리스크리스티,CHRIS CHRISTY,40
코키,COKIE,44
주에로,ZHOUERO,27
와드로브,WARDROBE,73
변화,BNHW,25
프리마베라,PRIMAVERA,48
시너리,SCENERY,36
코로츠,COROTTS,15
크리스브라운,CHRISBROWN,36
머브클로딩,MUVECLOTHING,12
딜럭스 봄바,DELUX BOMBA,45
비유비피,BUBP,29
멜팅글로우,MELTINGLOW,42
아스팔트 킨트,ASPHALT KINT,29
메가팩,MEGA PACK,18
디어가든,DEAR GARDEN,144
어라운드 80,AROUND 80,29
리쿼브랜드,LIQUOR BRAND,35
코테시,COTESSI,39
팜트리골프,PALMTREE GOLF,135
피닉스,PHENIX,31
아페고 스포츠,APEGO SPORTS,30
앤덴위댄스,AND THEN WE DANCE,35
논앤논,NON AND NON,214
더 미스테리 골프,THE MYSTERY GOLF,36
니모,NEMO,49
넷소셜클럽,NET SOCIAL CLUB,166
아부가르시아,ABU GARCIA,62
스카이 핏,SKY FIT,19
야마하골프,YAMAHA GOLF,30
비엔센티,131ENSENTI,18
콰지퓨리티,QUASI PURITY,52
카즈미,KAZMI,62
와일드브로스,WILDBROS,53
디파트먼트 파이브,DEPARTMENT FIVE,25
펠리체,FELICE,48
셀시우스,CELSIUS,19
위레브,WEREVE,43
오프닝,5PENING,74
에콥,ECOP,4
퀴터,QUITTER,28
인아웃,INOUT,20
레르,LER,17
레터스,LETTUCE,42
블리츠,BLIZ,14
두칸,DOUCAN,23
튜드,TUDE,37
하투,HATU,74
아디다스 모바일,ADIDAS MOBILE,33
나이스이온즈,NICE AEONS,24
온더씬,ON THE SCENE,11
시오,SIO,24
핏분,FITBOON,39
오버셔,OVERTIA,14
모얼오버,MOREOVER,49
낫소노멀,NOT SO NORMAL,12
라드에디션,LAD EDITION,12
유니버셜웍스,UNIVERSAL WORKS,52
도요,DOYO,45
로에카,LOEKA,37
그롭스,GROFS,2
플레이샘,PLAYSAM,42
울,WOOR,58
지프 캠핑,JEEP CAMPING,21
클레프,CLEF,17
와이엠씨,YMC,68
몬데그린레코즈,MONDEGREEN RECORDS,22
홍우성,HONGWOOSUNG,34
헬렌 카민스키,HELEN KAMINSKI,47
포인트픽스,POINTFIXE,36
그라운드워크,GROUNDWORK,171
로아,ROA,2
포르투기스 플란넬,PORTUGUESE FLANNEL,41
래니래니,RENNYRENNIE,60
발로렌,VALOREN,24
빅타스,VICTAS,12
레키,LEKI,8
컴피,COMFY,81
아미디블룸,AMIDIBLOOM,86
레이앤제이,RAY AND JAY,25
툴콘,TOOLCON,14
알라딘,ALADDIN,4
나미아스,NAHMIAS,5
에이오엠지,AOMG,4
러본,LUVON,20
카루 리서치,KARU RESEARCH,6
조질롱,JOJILONG,57
슈퍼스트로크,SUPERSTROKE,8
로핏스튜디오,RAWFIT STUDIO,19
시마노,SHIMANO,24
라모드치프,LAMODECHIEF,265
언뮤트,UNMUTE,27
토트넘 홋스퍼,TOTTENHAM HOTSPUR,5
케이와이엠,KYM,31
노르디스크,NORDISK,17
지디디엔,GDDN,20
포더,PODER,26
스테디니스,STEADINESS,31
펠리칸,PELICAN,109
페노메코,PENOMECO,3
히드코트,HIDCOTE,25
엑스패드,EXPED,7
티에라,TIERRA,5
스티즈,STIZ,13
도르헤,DORHE,13
엑소드,EXOD,2
이루시다,IRUSIDA,114
비디디엔,BDDN,36
몬티스,MONTEETH,29
키푸,KEYPU,38
리로에,LIRRHOE,151
나오미아블로,NAOMI ABLOH,3
이엘더블유케이,ELWK,29
유어먼스 유어데이,YOURMONTH YOURDAY,45
페넥톤,PENEKTON,37
챌리온,CHALLION,31
플로퍼스,FLOAFERS,26
텐테이셔넴,TENTATIONEM,5
도깨비방망이,TOKEBI,27
배주안,BAEZUAN,302
네롤리,NEROLII,29
프렙,PREP,23
레가토골프,LEGATO GOLF,7
베르티니,VERTINI,18
피투씨,FIT2C,57
수퍼파라다이스,SUPER PARADISE,45
하이파이펑크,HIFIFNK,370
와일드웍스,WILDWORKS,54
모스트원티드,MOSTWANTED,31
인티마레,INTIMARE,125
누벨,NUBELLS,14
골프킥스,GOLFKICKS,6
무니드,MOONEED,27
하프웨이 네이티브,HALFWAY NATIVE,34
메큘러,MACULAR,29
그라인,GRAENN,48
레탑,LETAPE,47
어바웃엠브로,ABOUT EMBRO,18
조렌즈 까르띠스,JORENZ CARTIESS,48
아블라 푸데티,ABLA PUDETI,24
에이롤,ALOL,38
델리리움,DELILIUM,82
트렌치런던,TRENCH LONDON,123
와우뷰,WOWVIEW,62
아유,AYU,15
힐스엔드,HILLSEND,15
카노,KANOH,8
세스코,CESCO,9
플로피엔디스크,FLOPPY&DISK,87
오프온 스튜디오,OFFON STUDIO,53
네이키드 피스타치오,NAKED PISTACHIO,12
캣캣,KATTKATT,48
구아,GOOA,20
터키터키,TERKI TERKI,25
혹스턴,HOXTON,52
수트에이블,SUITABLE,62
멀리건,MULLIGUN,29
에이트디비젼,8DIVISION,129
노웨어,NOWHERE,12
롱플레잉레코드,LONGPLAYINGRECORD,115
더 슬렌티드,THE SLANTED,20
지코드,ZCODE,109
롬헤븐,LOMHEAVEN,5
버드 체,BIRD CHE,39
오브젝트펑크,OBJECTFUNK,32
비티이십일골프,BT21GOLF,45
오프오스,OFOS,3
맥스,MAXX,3
하이파이 데퍼 디스코드,HI-FI DAPPER DISCORD,17
미스메이드,MISMADE,12
러스티치,RUSTEACH,80
와이리로버,WHY-RI ROVER,201
아이사피,I4P,106
라운지에이피티,LOUNGE APT,38
하프 페니,HALF PENNI,65
곽현주컬렉션,KWAKHYUNJOO COLLECTION,19
파이,FFAI,45
마르트,MARRT,74
댄앤나우,THENOW,42
낫아트,NOTART,26
밀린,MILLIN,36
지희,ZIHEE,24
스토니 스트라이드,STONY STRIDE,91
우조,WOOZO,75
트리핀셀,TRIPPIN CELL,30
에이프 더 그레이트,APE THE GREAT,29
푸나제로,PUNAZERO,13
탄탄,TANTAN,92
예스이지,YESEASY,41
니씨프레스,NIISSIPRESS,33
이너프이즈이너프,ENOUGH IS ENOUGH,48
엠오엘,MOL,94
바스켓 이스트,BASQUET EAST,4
진존잼,JINJONJAM,10
라이크라이즈,LIKERISE,36
어퓨스탠드,A;UFSTAND,20
언헤이트,UNHATE,65
모브,MAUVE,54
키믄,KEEMOON,9
에이 컨텐츠 랩,ACONTENTSLAB,31
메가폰,MEGAPHONE,44
위기스,WIGGYS,4
콜리스 골프,COLLYSGOLF,104
큐씨플레이,PLAY,14
핏섬,FITSUM,129
피엑스지,PXG,30
콜한 골프,COLEHAAN GOLF,45
볼레,BOLLE,134
로티,ROTI,123
마스프렌즈,MARS FRIENDS,55
타이틀리스트,TITLEIST,57
로고스,LOGOS,50
엑스와이,EXYAIW,94
리든,LEADEN,14
커스텀볼트,CUSTOMBOLT,64
카미엘 포트젠스,CAMIEL FORTGENS,20
뗄라,TELA,12
밀크웨이브,MILK WAVE,42
익스커스,EXCURSE,39
투포투,TOFORTO,23
선덜랜드,SUNDERLAND,123
볼테르,VOLTAIRE,2
분독,BOONDOG,152
지프로그,GFROG,78
엔에스알,NSR,324
수올리,SOOOLI,10
디어케이,DEAR. K,200
웨버,WEBER,96
뢰클,ROECKL,10
러너블,RUNABLE,10
스탠드 스튜디오,STAND STUDIO,19
라잎,LYPE,17
에스엠케이,SMK,16
지데빌,GDEVIL,12
공일공사,0104,40
파세,FASE,58
팝 트레이딩 컴퍼니,POP TRADING COMPANY,49
후 디사이즈 워,WHO DECIDES WAR,21
스타스포츠,STARSPORTS,73
뉴웨이브보이즈,NEW WAVE BOYS,49
천볼트,1000V,28
워드로브 엔와이씨,WARDROBE.NYC,31
하이야,HAIYA,50
디비,DB,11
안니,ANNI,63
모씨,MOSSY,12
카스크,KASK,6
라클레르,RACLEUR,18
이레귤러,IRREGULAR,35
힌지,HINGE,40
뉴발란스 베이스볼,NEW BALANCE BASEBALL,4
소조,SOZO,13
비슬래쉬비,B SLASH B,41
미시간 유니버시티,UNIVERSITY OF MICHIGAN,11
소로에루 아카이브,SOROERU ARCHIVE,43
레스테,LESTE,35
팍시,PARKSSY,23
노테이블,NOTABLE,37
리빙톤 르아 레비스123,RRR123,13
굿하비클럽,GoodHobbyClub,536
키스오브라이프,KISS OF LIFE,16
노그,KNOG,566
포베레,FOVERE,52
랩디,RABDY,25
키매,KKIMAE,13
하인즈 운트 쿤즈,HEINZ UND KUNZ,65
블라인드 노 플랜,BLIND NO PLAN,4
우에라,WOERA,98
엔피엔씨,NPNC,45
제이피아스코,J FIASCO,27
바니앤블랜치,BONNIE&BLANCHE,42
스마일리 오리지널,SMILEY ORIGINALS,5
젤로티스,ZELOTIS,39
오우오,OWO,31
마오이스,MAOIS,68
질츠,ZILCH,28
텔릭,TELIC,32
앤션트 그릭 샌들,ANCIENT GREEK SANDALS,23
아가,AGA,6
726기어,726GEARS,70
케이와이에스,KY'S,28
야이바엑스,YAIBAX,20
데이녹,DEINOC,24
코베아 낚시,KOVEA FISHING,12
어퍼콜라보,UPPERCOLLABO,18
스노우아울,SNOWOWL,58
일템포셀렉샵,IL TEMPO SELECT SHOP,43
히로인,HEROINE,155
가몬트,GARMONT,34
론체어,LAWNCHAIR,48
번 헬멧,BERN HELMET,14
필로소피,FEEL LOW SOPHIE,47
씨엘로,CIELO,64
안트렉트,ENTRACTE,14
분닥세인츠,THE BOONDOCK SAINTS,62
반트바르트,VANTVAART,53
레먼트웍스,LEMENT WORKS,74
일일오구스튜디오,1159STUDIO,228
스마스,SMAS,93
로이로이서울,ROYROYSEOUL,67
모데스티,MODESTY,263
어보브,A6OVE,129
삼삼칠,337LEE,24
아수에토,ASUETO,25
마누엘 에 기욤,MANUELLE ET GUILLAUME,169
레이 에이버리,LEI AVERY,55
아이오엣,IOET,4
엠엑스리덕터,MX REDUCTOR,58
플로리다티켓,FLORIDA TICKET,84
베이버스,BAVERSE,11
최자로드,CHOIZA ROAD,12
오픈엔드,OPENENND,40
벤퀘스트,VANQUEST,11
스포츠풀,SPORTFUL,8
인스턴트펑크 골프,INSTANTFUNK GOLF,16
제트디에이,ZDA,4
러프앤터프,RUFFNTUFF,52
드퐁,DEFOND,66
디어드,DEARD,37
아라크나인,ARAC.9,71
테이크어픽처갤러리샵,TAKEAPICTURE GALLERY SHOP,60
딥스,DIBS,53
아울나인티원,OWL91,46
벨로,BELLO,19
스터퍼,STUFFER,135
비에스제이,BSJ,36
아크리드,ACRID,14
오징어 게임,오징어 게임,8
트라이플,TRYYYPLE,29
스모크무드,SMOKMOOD,10
미스테리 피플 리서치,MYSTERY PEOPLE RESEARCH,55
올데,OLDE,2
키퍼탈리,KEEPATALLY,6
이즈,EEASEE,15
페더웍스,FEATHERWORKS,14
로에일 포 맨,LOEIL FOR MEN,186
블랭크브릭,BLANKBRICK,82
파라노이드 호텔,PARANOID HOTEL,14
에오우스,EOUS,18
북온더파크,BOOK ON THE PARK,40
슬리퍼 히트 비디오,SLEEPER HIT VIDEO,8
리군 스튜디오,RIGOON STUDIO,24
시아워,SIIOUR,13
랠리포인트,RALLY POINT,42
싸이코퍼플,PSYCHO PURPLE,28
픽프로젝트,PEAKPROJECT,35
베이비센토르,BABYCENTAUR,307
밍키행운파워연구소,MINKY LUCKY POWER LAB,25
마우이앤선즈,MAUI&SONS,152
옵세스,OBSESS,4
약스튜디오,YAC STUDIO,28
디스이즈에이치,THIS IS . H,7
룰라쿨라,LOOLA KOOLA,51
영포,YUNGPO,7
디컬트,D.CULT,36
모먼트바이엠,MOMENTBYM,6
블랙하인드,BLACKHIND,26
리를브레이크,LITTLE BREAK,7
오씨,OSEE,56
블라쿤,BLAKOON,172
덴델,DENDEL,20
제너두웍스,XNADU WORKS,46
카이쇼,KYISHOO,66
티엠알더블유,TMRW,113
레꼴로헤,LES COLORER,43
유주얼 에딧,USUAL EDIT,42
키치워크,KICHWORK,103
기럭지,KILUCKGI,28
피스비사라,PEACE BE SARAH,28
세이프하우스,SAFE HOUSE,12
디자이너 인비테이션,DESIGNER INVITATION,46
내로우마인드,NARROWMIND,21
블레디션,BLEDITION,41
라드랩,LADLAB,1
사일런트 소사이어티,SILENT SOCIETY,22
오드무드,ODDMOOD,7
카무플라주 랩,CAMOUFLAGE LAB,35
이리지스,IRIZIS,115
헤지스골프,HAZZYS GOLF,117
러브 크레이지 와일드 맨,LOVECRAZYWILDMAN,49
일로제,ILROZE,17
데어플레이,DAREPLAY,75
라이트 마이 파이어,LIGHTMYFIRE,33
핫한,HOT HAN,4
핀스앤에이스,PINS AND ACES,73
도닉,DONIC,1
어라이트앵글,ARIGHTANGLE,22
테이핑테크,TAPINGTECH,5
마제스티,MAJESTY,8
인더노우,INTHEKNOW,10
티유알이,T.U.R.E,25
수아 스튜디오,SHUA STUDIO,9
투어골프,TOURGOLF,32
듀라핏,DURAFIT,6
파사디 골프,PASSARDI GOLF,8
유앤픽,UN.P,14
인오도르,INODORE,2
제라,JERA,19
프린스,PRINCE,7
프랭클린,FRANKLIN,95
미스틱보딩,MYSTICBOARDING,30
레이버,RAVER,4
브리지스톤,BRIDGE STONE,43
제트디 스포츠,ZD SPORTS,13
삭스,SAXX,54
닥스런던,DAKS LONDON,3
이륙,IRYUK,49
아다바트,ADABAT,3
하임플래닛,HEIMPLANET,18
아베스골프,AVVES GOLF,51
엠팩플러스,MPACPLUS,24
스테츠,STETZ,7
라프레미디,LAPRESMIDI,21
팔팔스케이트,PALPAL SKATES,25
발리스틱스,BALLISTICS,209
이삼이,232,3
세퍼,SEFR,8
폴라박스,POLAR BOX,15
에블린,EVELIN,1
쿠랑 소우비지,COURANT SAUVAGE,1
네이처톤즈,NATURE TONES,1
프리츠피츠,FRICHFITS,11
미타 선글라스,MITTA SUNGLASS,34
더트 서울,DIRT SEOUL,16
비바로,VIVARO,16
키써,KISSER,44
비바,VIVA,22
카스코,KASCO,8
어반비스트,URBANBEAST,31
프링글스,PRINGLES,26
스카이 붐,SKY Boom,6
라이드,LITHE,1
홈바디띵즈,HOMEBODY THINGS,17
혼마 골프,HONMA GOLF,31
로닥스,L'AUDAX,25
크랭크,CRNK,38
엑센,AXXEN,60
엘디엘마운트,LDLMOUNT,209
스트렝스라이프,STRENGTH LIFE,14
포언더,FORUNDER,22
베티나르디,BETTINARDI,16
바이스 어치브 유쓰,BICE ACHIEVE YOUTH,26
제트,ZETT,32
세베로,SEVERO,7
마루망,MARUMAN,9
알바옵틱스,ALBA OPTICS,116
위캔데어,WECANDARE,5
빅 아그네스,BIG AGNES,60
스파이스띵스업,SPICETHINGSUP,29
오오오마켓,OOOMARKET,30
메조쿤스트,MEZZOKUNST,167
지에스아이 아웃도어스,GSI OUTDOORS,56
아무 코리아,AMU KOREA,198
로킨,ROKIN,14
젠틀맨즈하드웨어,GENTLEMENS HARDWARE,40
레터,LETTER,5
요넥스골프,YONEX GOLF,11
랄파,LALPHA,2
아트워크 뮤지엄,ARTWORK MUSEUM,20
마운틴수미,MTSUMI,6
딤에크레스,DIM. E CRES,55
마이클로스,MICHALEROSS,14
파티존,PATIZON,18
논포멀하우스,NONFORMAL HAUS,20
마이뷰101,MYVIEW101,91
하우지안,HAUZIAN,9
니켄트,NICKENT,16
브로이스터,BROISTER,33
코유,KOYU,21
아미노바이탈,AMINO VITAL,5
카오라스,CHAORAS,20
트로이,TROIA,13
발렉스트라,VALEXTRA,29
에뛰드 스튜디오,ETUDES STUDIO,15
아부스,ABUS,45
글렌스키,GLENNSKI,21
까스텔바작,CASTELBAJAC,1208
엠에스알,MSR,46
루이까또즈 골프,LOUIS QUATORZE GOLF,10
데니스골프,DENNIS GOLF,269
스킬즈,SKLZ,40
피직,FIZIK,20
퍼시픽 앤 코,PACIFIC AND CO,62
핍스마트,PHYPS MART,25
키티포터리,KITTY POTTERY,51
위너웰,WINNERWELL,71
에스테네,ESTENE,3
베그앤코,BEGG&CO,23
에코플로우,ECOFLOW,9
원 오브 디즈 데이즈,ONE OF THESE DAYS,15
오버노우,OVERNOH,14
로바,LOWA,15
이그나프,EGNAF,11
플루이드,FLUID,22
티마운트,TMOUNT,21
아우라,AURA,4
홍홀,HONGHOL,43
코비스,KOVISS,87
바디프레임,BODYFRAME,8
모아캠핑,MOACAMPING,25
오토복스,ORTOVOX,19
방떼,VENTE,88
더 서프보드 웨어하우스,THE SURFBOARD WAREHOUSE,13
던롭 라켓,DUNLOP RACKET,28
크레이그 그린,CRAIG GREEN,14
헐리,HURLEY,2
타임,THYME,44
존 스메들리,JOHN SMEDLEY,61
탭,TAB,3
럭스 아웃도어,LUXE OUTDOOR,17
선더즈매터,SUNDOESMATTER,10
플루프,PLOUF,15
로얄 알바트로스,ROYAL ALBARTROSS,128
원퍼트,ONEPUTT,48
키마우라,KIMAURA,16
페트로막스,PETROMAX,32
메츠무아,METSMOI,17
애쉬버리,ASHBURY,103
컴프레스포트,COMPRESSPORT,15
아이그룸,IGROOM,55
부벨,BUBEL,38
잔망풀,ZANMANGFUL,17
아이엑스 나인,IX NINE,48
지비에이치 어패럴,GBH APPAREL,32
혀프 바이 혀프,HYUP BY HYUF,19
힐레베르그,HILLEBERG,42
쿠르보,CURVO,20
카루셀골프,CAROUSEL GOLF,101
러플,LUPL,22
덕힙,DUCKHIP,1
카르보네,CARBONE,7
로이볼 골프,LOYBALL GOLF,13
요헤미티,YOHEMITE,6
레드렌서,LEDLENSER,35
맥데이비드,MCDAVID,48
두카 델 코스마,DUCA DEL COSMA,17
스팔딩,SPALDING,58
셀커크,SELKIRK,6
디오디,DOD,121
듀스,DEUX,3
타호마,TAHOMA,4
투엔티벅스,TWENTY BUCKS,77
몬도 몬도,MONDO MONDO,8
미홀,MIWHOLE,3
채룩,CHAE LOOK,38
줄라,JOOLA,9
니우피포,NIUPIPO,7
기어박스,GEARBOX,3
프랭클린 스포츠,FRANKLIN SPORTS,1
치즈 사이클링 클럽,CHEESE CYCLING CLUB,46
루시,LUCY,4
훌타포스,HULTAFORS,6
크레이지크릭,CRAZYCREEK,4
에어리얼,AIRIAL,47
파르아비옹,PARAVION,166
자이스,ZEISS,3
브리오신,BRIOCHIN,10
수앤이바나,SOO&IVANNA,14
야가이,JAGUY,2
카멜커피,CAMEL COFFEE,2
스튜디오폴앤컴퍼니,STUDIO PAUL&COMPANY,32
부쉬넬,BUSHNELL,8
마르파 스탠스,MARFA STANCE,11
민타레트로,MINTA RETRO,274
펜더우즈,FENDERWOOZ,8
필드랩,FIELDLAB,25
모닥,MODAK,27
유닉에이,UNIC+A,10
스월브,SWERVE,34
마켓,MARKET,103
닛타쿠,NITTAKU,6
백야드빌더,BACKYARD BUILDER,91
랑트,RANGT,42
루엣비든,LUETTBIDEN,5
파크론,PARKLON,42
24그램,24GRAM,38
아트스피크하우스,ART SPEAK HOUSE,47
마젠타골프,MAGENTA GOLF,10
스티가,STIGA,1
타그로,TAGRO,1
페어라이어 클럽,FAIRLIAR CLUB,77
아이오아이오,IOIO,13
그라운드커버,GROUNDCOVER,19
산타크루즈,SANTA CRUZ,5
크리쳐,CREATURE,3
더 케어링,THE CARING,27
아티스틱 바이브,ARTISTIC VIBE,12
루드마크,RUDEMARK,13
트리거포인트,TRIGGERPOINT,16
파고,FAGUO,9
일렉트릭 골프,ELECTRIC GOLF,61
벤테즈,VENTEZ,18
지브이투어,GV TOUR,13
잭커리,JACKERY,3
드리아데,DRIADE,6
마지스,MAGIS,21
보이티드,VOITED,5
시즈노프,SEASNOFF,6
아쿠아틱 소셜 씬,AQUATIC SOCIAL SCENE,12
발레,BALLET,9
비레이지,BELAZY,10
이놈어닛,IH NOM UH NIT,89
레이브리즘,RAVELISM,22
블라인드니스,BLINDNESS,42
주옥,JUOC,23
세인트앨런1870,SAINT ALLAN1870,25
허스키 뉴욕 골프,HUSKY NEW YORK GOLF,75
로얄하와이안크리에이션스,ROYALHAWAIIANCREATIONS,90
나인오투,902S,5
미쥬,MIZU,6
미사일 골프,MISSILE GOLF,9
카이,KYE,108
도메틱,DOMETIC,25
브리코,BRIKO,20
에뜨르 세실,ETRE CECILE,2
디어레스트 스튜디오,DEAREST STUDIO,35
트란지아,TRANGIA,18
솔로스토브,SOLOSTOVE,3
빅룹,BIGLOOP,33
몬스터지,MONSTER G,114
아이캠퍼,IKAMPER,27
캠프긱스,CAMPGEEKS,46
윅랜턴,WICKLANTERN,5
라그렌,LAGREN,1
텐트마크디자인,TENTMARK DESIGNS,10
108골프,108GOLF,18
노티초코,NAUGHTY CHOCO,112
이속우화,ISOKWOOHWA,2
하이퍼플렉스,HYPERFLEX,13
마르,MAR,11
마투나스,MATUNAS,6
스캇버크,SCOTTBURKE,1
씨비씨,CBC,4
컬러로드,COLOR ROAD,38
라켈,RAKEL,12
에어포스,AIRFORCE,1
아이나비스포츠,INAVISPORTS,4
하이하이킹,HIGHHIKING,28
매든,MADN,5
알고리즘,ALGORITHM,8
건강한형제들,HEALTHY BROS,6
엑스코어,XCORE,15
존스,JONES,63
라벤햄,LAVENHAM,2
에머슨,EMERSON,75
옐토,YELTO,4
리틀테일러,LITTLE TAILOR,4
에버라스트 피트니스,EVERLAST FITNESS,2
유제 포 우먼,YUJE FOR WOMEN,7
버즈 오브 콘도르,BIRDS OF CONDOR,35
MMCA x 최우람,MMCA x CHOE U-RAM,4
강산연,KANG SHAN YEON,5
키네타,KINETTA,13
잇존어패럴,ITZONAPPAREL,49
파5,FAR5,8
포레아카이브,FORE ARCHIVE,4
욥스,YOBS,99
에보니데이,EBONYDAY,8
유어라이프히얼,YOUR LIFE HERE,123
스프레드,SPREAD,18
리브업,LIVEUP,2
카버스케이트보드,CARVER SKATEBOARD,39
민아송,MINA SONG,10
토바간,TOBOGGAN,21
기가 골프,GIGA GOLF,9
코큐,KOKYUU,6
플레이버,FLAVOUR,25
신시티,SINCITY,217
이지요가,EASYOGA,89
블라디스,VLDS,501
에트로,ETRO,59
클라우드댄서,CLOUD DANCER,20
라시엘로,LACIELO,59
일일이삼육오,112365,52
파인드칠린,FINDCHILLIN,59
1754 클래식,1754 CLASSIC,26
오브젝트,OBJECT,51
굿프렌드,GOODFRIEND,10
파츠파츠,PARTS PARTS,84
골피아,GOLFIA,4
세이스카이,SAYSKY,97
유닛골프,UNIT GOLF,6
벨레파,BELLEFFA,54
스포뱅크,SPOBANK,7
웨이베러시스,WAYBETTERSIS,10
스타우드,STAUD,11
오스탈레띠,OUSTALETI,8
블랙벌크,BLACKBULK,1
루텐,LUTEN,38
어반캠퍼,URBAN CAMPER,11
더티캔디,DIRTY CANDY,9
피노마레,PINOMARE,7
플라이런웨이,FLY RUNWAY,10
로스코프,ROSCOFF,27
재이림,JEILIM,11
밤트랙,BOMBTRACK,1
꺅,KKYAK,20
페이즈화이트,PHASEWHITE,28
아웃,OUT,19
도마스,DOMARS,10
조선호랑이,JOSEON TIGER,4
선샤이너,SUNSHINER,16
심플,SIMPLE,3
웨이브도넛,WAVEDONUTS,19
그레이스케일,GRE1SCALE,70
키뮤,KEEMU,10
쟈칼,JACKAL,9
알리아스,ALIAS,8
엘앤씨스텐달,L&C STENDAL,26
카스텔리,CASTELLI,18
스토프,STOFF,9
달러플라워,DOLLARFLOWER,3
아머럭스,ARMORLUX,43
에고이스트,EGOIST,26
넥스토치,NEXTORCH,29
올림피아 자그놀리,OLIMPIA ZAGNOLI,7
피알케이,PRK,13
2몽키,2MONKEY,16
필이너프,FEELENUFF,23
조선땔감,JOSUNFIREWOOD,1
에버라스탁,EBERLESTOCK,64
카날웨어,KANAL WEAR,5
로저비비에,ROGERVIVIER,2
스마트울,SMARTWOOL,11
비쥬얼 엘리먼츠,VISUAL ELEMENTS,17
프로이스,PROESCE,8
테리잇,TERRYIT,30
위티나트,WITINART,22
고센,GOSEN,6
루이너스,RUINOUS-,79
불가리,BVLGARI,14
스피드민턴,SPEEDMINTON,8
로시뇰,ROSSIGNOL,18
브로니스,BRONIS,8
홀인원브랜드,HOLEINONE BRAND,4
하이드라팩,HYDRAPAK,1
비바코,VIVACCO,12
네이키드오얼드레스드,NAKED OR DRESSED,42
아올다,AORDDA,29
벽돌해피푸드,BYCDOLHAPPYFOOD,35
크루키드,KROOKED,42
칠구바이칠구,79BY79,14
쎄마비,CESTMAVIE,3
서프앤터프,SURFNTURF,32
퍼블릭,PUBLIC,13
클라만,KLAMMERN,27
아이러너,IRUNNER,3
미드썸머,MIDSUMMER,4
퍼플블러드,PURPLEBLOOD,3
벤틀리골프,BENTLEY GOLF,33
에이치그라운드 클럽,HGROUNDCLUB,10
아센테,ACENTE,16
인터내셔널,THE INTERNATIIIONAL,78
하우스 오브 일팔일칠,HOUSE OF 1817,4
엑스지 컴퍼니,XZ COMPANY,20
아이워너,I WANNA,25
리자인,LEZYNE,38
웨이브웨어,WAVEWEAR,13
로그,LOG,19
디뮤즈,DEMUSE,19
비바클래시,VIVACLASSY,102
기어팩,GEARPACK,51
컨츄리파우더,COUNTRYPOWDER,164
로앤로우,LO&LOW,70
알라니 더 그레이,ALANI THE GREY,51
쇼지아미,SHOJIAMI,22
이세,IISE,39
프라이빗라이엇,PRIVATE RIOT,35
지알엑스,GRX,16
코워커스,COWORKERS,54
세컨더리 레전드,SECONDARY LEGEND,2
에이치디에스,HDS,12
키카코 스튜디오,KEEKAKO STUDIO,12
언아더,UNOTHER,276
코스트원더,COAST WONDER,32
워너핏,WANNAFIT,30
라비드,RA VIDE,8
포시즌랜드,FOUR SEASON LAND,19
오알 스튜디오,OAL STUDIO,19
현도배,HYUNDO BAE,37
씨루틴,CROUTINE,55
서키,SEOKEY,33
더신스,THE SINCE,3
언더톤즈,UNDERTONES,126
핀느,FINNE,59
월트해머,WALT HAMMER,57
이에스와이25,ESY25,2
쏘우클래식,SEW CLASSIC,164
리프클로딩,LEAF CLOTHING,4
하수오,HASUO,6
아크로 티 컬렉션,AKRO.TEA.COLLECTION,11
커버스,COVERS,37
베아크,VEAK,22
엑스와이지,XYZ,80
풋디,PUTDI,7
프레임헌트,FRAMEHUNT,26
그리드서울,GRID_SEOUL,30
네이버스,NEIGHBORS,199
비디비,BDB,2
크레이지어패럴,CRAZY APPAREL,1
헤이에디,HEY EDDY,12
네이비스튜디오,NAVY STUDIO,34
코스믹소사이어티,COSMIC SOCIETY,66
블로윈드,BLOWIND,7
색 스튜디오,SAC STUDIO,134
엘에스더블유,LSW,16
파이브투원,FIVE TO ONE,66
그라운드웨이브,GROUNDWAVE,17
앤디미온,ENDYMION,12
코나트,CONART,6
누스카,NUSKA,10
헤리토리골프,HERITORY GOLF,3
바나스틴,BANASTIN,4
차일디쉬아카이브,CHILDISHARCHIVE,9
태우,TAEWOO,41
인세인 루나틱,INSANE LUNATIC,29
스포일드,SPOILED,9
어오,UHOH,27
에이콕,A.KOK,50
오라이트,OLIGHT,9
코트어드밴티지,COURT ADVANTAGE,28
오를로,ORLO,43
모어올레스,MORE OR LESS,105
글로투브,GLO-TOOB,3
두낱잍,DONOTEAT,22
요몬,YOMON,36
베이오프,BEIOFF,109
브이더블유브이비,VWVB,12
발로레나인,VALORE.9,22
류진,RYUJEAN,7
트래블237,TRAVEL237,20
숄더패드,SHOULDER PAD,39
세컨드 코너,SECOND CORNER,78
너트앤볼트,NUTANDBOLT,154
위그로우,OUI-GROW,11
석운 윤,SEOKWOON YOON,14
에스티바그,STVAGUE,9
벤텔라,VENTELLA,68
소윤,SOYOON,48
쥐엠쥐에스,GMGS,40
큐디엠엠,QDMM,15
엔850,N850,11
미뇽네프,MIGNONNEUF,2
길옴므,GIL HOMME,15
퍼블리쉬,PUBLISH,96
그래픽스,GRAPIX,13
디베르그,DVERGR,35
디세미콜론,DSEMICOLON,23
슬로우 썸머,SLOW SUMMER,13
낫옛가이즈,NOTYETGUYS,9
펠스파브룩,FELDSPAR BROOK,34
디퍼런트벗세임,DIFFERENTBUTSAME,73
클랙스클로,CLAXCLO,42
위빠남,OUI PANAME,65
니달 캐시미어,NIDAL CASHMERE,38
씨앤립,SEANLIP,5
노블클로즈,NOVELCLOTHES,139
이엠씨오리지널가먼츠,EMCORIGINALGARMENTS,48
뱅어스,BANGERS,38
홀리세턴즈,HOLLYSATUNS,54
렉시스,LEXIS,53
캔디샵,CANDY SHOP,1
제인송,JAIN SONG,59
쟝 드 뷔엥,GENS DE VIEN,11
아치오,ACHIO,23
대중소,DAEJOONGSO,25
분트,BUND,19
루오나인,RUONINE,54
럭키다이스,LUCKYDICE,24
라이더커뮨,RIDER COMMUNE,33
피으,FILLE,10
꼴라주바캉스,COLLAGEVACANCE,10
락핑거,LOCK FINGER,29
라비,LAVIE,9
스와인즈,SWYNES,27
플러트,FLIRT,23
퍼스트라이트,FIRSTLIGHT,11
아웃오브서클,OUTOFCIRCLE,24
앤서링버드,ANSWERING BIRD,52
나우왓,NOWWHAT,43
월드 앤썸 웨이브,WORLD ANTHEM WAVE,29
에이라벨,A-LABEL,30
에터,ETRE,9
트라비스,TRAVS,20
맥포스블랙라벨,MAGFORCEBLACKLABEL,1
파세스,PASES,16
그레잇오프,GREATOFF,6
챠리앤코,CHARI&CO,6
홀루바,HOLUBAR,1
더도시,THEDOSI,35
데니필드,DENNYFIELD,48
숨,SSUM,9
유에스티,UST,11
넘버플랜트,NUMBERPLANT,3
스모킹라이프,SMOKINGLIFE,13
피스메이커,PEACE MAKER,5
버텍스,VERTX,2
막스맨,MARKSMAN,6
키백,KEYBAK,8
블락 스페이스,BLAK SPACE,19
라플라주,LAPLAGE,23
제네럴 피날레,GENERAL FINALE,1
슬레이,SLEY,8
클로모르,CLOMOR,13
언바운디드 어위,UNBOUNDED AWE,5
시로이네코,SHIROI NEKO,30
애드우드로프,ATWOOD ROPE,5
엘름,ELM,2
앤투마스,ANTOMARS,308
모뉴먼트,MONUMENTS,14
써넥트,SUNNECT,33
쿠아비노,QUA VINO,97
루바티,RUBATI,142
모어댄라이크,MORE THAN LIKE,181
로얄위,THE ROYAL 'WE,196
오블라,OBLA,35
프롬웨얼,FROMWHERE,1008
플레이버스,FLAVORS,11
왓에버위원트,WHATEVERWEWANT,371
스모키베어,SMOKEY BEAR,79
찹찹,CHAPCHAP,90
올젠,OLZEN,572
쎄쎄쎄,SETSETSET,221
나루강,NARU KANG,52
엔티엠티,NTMT,76
크로스 애비뉴,CROSS AVENUE,53
블란다,VLANDA,241
엔써이즈예스,ANSWER IS YES,75
디망쉬,DIMANCHE,56
유니온발란트,UNION BALANT,153
웨이브건,WAVEGUN,150
에이펙스 디자인,APEX DESIGN,62
아웃엑소,OUTX.O,352
디브이에스엔 스튜디오,DVSN STUDIOS,78
트리메르,TRIMERE,169
아트 오브 필드,ART OF FIELD,125
디셈버텐,DECEMBER TEN,91
마스테프,MASTEF,46
리던,REDONE,191
숲,SOUP,652
마리아쥬드비엔,MARIAGEDEBIEN,175
제네럴웍스,GENERAL WORKS,590
노이즈,NOIZE,59
닥스셔츠,DAKS SHIRTS,973
하이키클럽,HIGHKEY CLUB,47
카가미엘,KAGAMI.L,67
왓치아웃베이비,WATCHOUTBABY,68
리버클래시,LIBERCLASSY,1910
와일드띵스,WILD THINGS,287
오디너리원,ORDINARYONE,39
준바이준케이,JUN BY JUN K,392
힐리먼트,HELEMENT,268
르네제이,RENEJ,501
라임라이크,LIMELIKE,251
유니드가먼츠,YOUNEEDGARMENTS,156
퍼스트플로어,FIRSTFLOOR,115
그래피커스,GRAFIKUS,228
러브액츄얼리,LOVE ACTUALLY,17
그리니치,GREENICH,165
데비어퍼,DEBBY UPPER,188
시프트지,SHIFT.G,366
코네트,CONATT,215
바나나베이트,BANANA BAIT,65
마르슨,MARSON,6
디아트레,THEATRE,47
비피비,BPB,155
언터치드,UNTOUCHED,139
이어스트,EERST,124
히즈핸더,HISHANDER,76
워킹베어,WORKING BEAR,13
스틸바이핸드,STILL BY HAND,3
피아이지씨,PIGC,586
샤드라마,CHAT DE LAMA,63
엘로드,ELORD,728
밸런스우드,BALANCEWOOD,164
모트,MOTT,266
벨리프,BELLIEF,389
알트라,ALTRA,4
슬로우선데이,SLOW SUNDAY,54
서티파이드,CRTFD,9
다이애그널,DIAGONAL,325
미쏘,MIXXO,7120
88리미티드,88LIMITED,129
올투스 바스터즈,ORTUS VASTERDS,94
헤론 프레스톤,HERON PRESTON,81
마르니,MARNI,728
네벨에브리웨어,NEBELEVERYWEAR,165
세인트로브,SAINTROBE,27
씨에프씨엘,CFCL,82
메종 미하라 야스히로,MAISON MIHARA YASUHIRO,144
디미토,DIMITO,1663
시눈,SINOON,1236
씨이피,CEP,28
페이스넌,FACENONE,109
옥트퍼스,OXTPUS,22
