Brand,Category
MUSINSASTANDARD,
ASICS,
ADIDAS,
LMOOD,
LAFUDGESTORE,
TOFFEE,
TRILLION,
DRAWFIT,
CODEGRAPHY,
YALE,
SATUR,
DIMITRIBLACK,
ESPIONAGE,
DOFFJASON,
THENORTHFACE,
NEWBALANCE,
FRIZMWORKS,
OUTSTANDING,
FILLUMINATE,
TRAVEL,
XERO,
MATINKIM,
THISISNEVERTHAT,
SPAO,
UMBRO,
WHATITISNT,
LEE,
POLORALPHLAUREN,
COVERNAT,
SUARE,
UNIFORMBRIDGE,
NATIONALGEOGRAPHIC,
PARTIMENTO,
1993STUDIO,
PUMA,
DISCOVERYEXPEDITION,
BRANDED,
COOR,
NOT4NERD,
LIKETHEMOST,
INTEMPOMOOD,
URBANDTYPE,
KIIMUIR,
STANDARDERROR,
JEMUT,
EZKATON,
UNIONBLUE,
INSILENCE,
SPYDER,
NOMANUAL,
SCULPTOR,
CALVINKLEINJEANS,
GLOWNY,
MLB,
PLACESTUDIO,
SIGNATURE,
HOKA,
FABREGAT,
DICKIES,
MARDIMERCREDI,
GIORDANO,
SLOWACID,
BROWNBREATH,
MODNINE,
ILCORSO,
TAKEASY,
8SECONDS,
NONBLANK,
XTONZ,
1989STANDARD,
ROUGHSIDE,
PERSTEP,
MINDBRIDGE,
URBANSTOFF,
VIVASTUDIO,
JEEP,
THECOLDESTMOMENT,
BRENSON,
NOIRER,
TYPESERVICE,
THOMASMORE,
LEMARD,
MAISONMARGIELA,
EBBETSFIELD,
MANINSTORE,
TWN,
MALBONGOLF,
REEBOK,
ROMANTICCROWN,
BLACKMOMENT,
KODAK,
WVPROJECT,
MAISONMINED,
NICEGHOSTCLUB,
TOPTEN,
LETTERCOMO,
SNOWPEAKAPPAREL,
TIMCOMIX,
PLAC,
WKNDRS,
LADYVOLUME,
SUPERSUB,
WHOLOVESART,
MOO,
AEAE,
EIDER,
RONRON,
BITTERCELLS,
WOOALONG,
TNGT,
GRAILZ,
ANOLORCODE,
MELANGEMASTER,
MAGOODGAN,
FILA,
GAINSBORO,
BALENCIAGA,
YESEYESEE,
IRONYPORNOWHITELINE,
LUVISTRUE,
BESLOW,
LMC,
KNITTED,
ILLIGO,
SAINTLAURENT,
BLOND9,
DRAWFITWOMEN,
BOUNDARY,
ANEWGOLF,
MAHAGRID,
CHAMPION,
ROSEFRANTZ,
CITYBREEZE,
GRAVER,
ODDSTUDIO,
DESCENTE,
FLUKE,
UNDERARMOUR,
PARTIMENTOWOMEN,
MARTINPLAN,
THEIDENTITYPROJECT,
ALYSS,
CPCompany,
NOHANT,
NOIAGO,
MIZUNO,
BOTTEGAVENETA,
THEKNITCOMPANY,
LECOQ,
JUANHOMME,
POTTERY,
SLOWRECORDHOUSE,
ROLAROLA,
AMI,
CRANK,
TILLIDIE,
LEMAINSECOND,
ANOTHEROFFICE,
MILLIONCOR,
ETCE,
INSILENCEWOMEN,
BEGIN202,
LORDJOHNGREY,
RETRIEVERCLUB,
ARCTERYX,
FALLETT,
MINIMALPROJECT,
GRAMICCI,
HOOVES,
VIVIENNEWESTWOOD,
DECET,
DIAMONDLAYLA,
ACOVER,
LEIRE,
BURBERRY,
CRITIC,
OURDAYZ,
SOUNDSLIFE,
VERYVAIN,
EMIS,
WAIKEI,
GOLDENBEAR,
MINAV,
NASTYFANCYCLUB,
WEDNESDAYOASIS,
THOMBROWNE,
BEHEAVYER,
BRONSON,
COMMEDESGARCONSPLAY,
BEARDEDKID,
MMLG,
LACOSTE,
LEMAIRE,
THEVINYLHOUSE,
AREUBAN,
SAINTPAIN,
AECAWHITE,
YOUHEE,
FOTTNERS,
MARKGONZALES,
GuernseyWoollens,
ANOTHERARCHIVE,
KIRSH,
PUNCHLINE,
BORNTOWIN,
NONFLOOR,
THEY,
ELIMENO,
ANGLAN,
ISTKUNST,
BLANKROOM,
GROOVERHYME,
BADBLOOD,
MACASITE,
247SERIES,
BARREL,
EXTRAORDINARY,
VISIONSTREETWEAR,
AFRESH,
GOSPHERES,
VIVABROWN,
DYNAFIT,
IEY,
VENHIT,
VDR,
ZPLISH,
86ROAD,
ETMON,
MINIMALCODE,
KOLEAT,
RAIVE,
ISABELMARANT,
REBRENNER,
ASP,
MAINBOOTH,
ROCKCAKE,
KANGOL,
MOZMOZ,
JELEVE,
FABULOUSARCHIVE,
URAGO,
51PERCENT,
EASYNOEASY,
DISCUSATHLETIC,
999HUMANITY,
HORLISUN,
ANDERSSONBELL,
ALVINCLO,
KOLONSPORT,
TAILORSTUDIO,
WAAR,
MIDNIGHTMOVE,
PUBLICICON,
ANDAR,
PRINTSTAR,
NFL,
SAINTJAMES,
HATCHINGROOM,
LIFEWORK,
MODERMENT,
MATISSETHECURATOR,
GUBIN,
GOALSTUDIO,
ANDERSENANDERSEN,
SNOWPEAK,
WITHOUTSUMMER,
OPENINGPROJECT,
NAMERCLOTHING,
PIECEWORKER,
PRADA,
MODENARDOR,
PIANER,
LENGAGEMENT,
ARCHIVEBOLD,
HUF,
HUGVONE,
HEAD,
NAUTICA,
ZEROSTREET,
THRASHER,
MUCENT,
DECOROSO,
SEVENSELAH,
NINETYPLUS,
RUGGEDHOUSE,
BUTTONSEOUL,
EXCONTAINER,
BORNCHAMPS,
JILSANDER,
BEYONDCLOSET,
DUNSTFORWOMEN,
DESCENTEGOLF,
SSRL,
BASICHOUSE,
AMOMENTO,
PAPERBOY,
RAWLAB,
BLACKYAK,
NINEZ,
MUSCLEARMED,
OY,
OWNER,
SIYAZU,
TTUDEMENT,
PEPPERSEASONING,
UMARMUNG,
SOMEPLACE,
ARTISTWEAR,
CHICKS,
BENDAVIS,
LARRYCLARK,
MIUMIU,
BROWNYARD,
TOTEME,
RVD,
diadora,
ACHA,
TLEYOUNG,
BARACUTA,
ARENA,
GLIMMER,
MILLOWOMEN,
WILSON,
PRAIRIE,
EULER,
NERDY,
SHAKAWEAR,
ADDOFF,
SIENNE,
PUNCHDRUNKPARTIES,
ANOUZ,
ESN,
UNTAPPED,
ANOBLIR,
CLOVE,
HAVISM,
K2,
CHALLENGER,
MODIFIED,
KANGJUNGSEOK,
ASIFCALIE,
SORTIE,
SK8ERROCK,
ODS,
LOWCLASSIC,
CAMELWORK,
VANNWORKS,
FCMM,
OUTDOORPRODUCTS,
THEMILE,
SPERONE,
JHONNYWEST,
PIECEMAKER,
STONEISLAND,
RIOOA,
CHAMBROS,
FREKER,
BIGUNION,
ECORR,
ORDINARYHOLIDAY,
ACMEDELAVIE,
PIVVEE,
TRIPLESENS,
GAMMAGALLERY,
KENZO,
ZAMST,
PANDORAFIT,
KARACTOR,
LOEIL,
KLATTERMUSEN,
BSRABBIT,
SENTI,
TREEMINGBIRD,
XEXYMIX,
CONICHIWABONJOUR,
NOUN,
SEEZ,
MUAHMUAH,
DEHEVE,
CORD,
COFWI,
SHIRTER,
FATALISM,
AAKAM,
CAVISH,
ASTRALPROJECTION,
MALDEN,
SUADE,
NOTHINGISBETTERTHANME,
VOLANTE,
DEMIL,
ROLLINGSTUDIOS,
ENZOBLUES,
HELLOSUNRISE,
HOODHOOD,
SUNDAYOFFCLUB,
NASTYKICK,
ATTENTIONROW,
BEENTRILLGOLF,
BROOKSBROTHERS,
DOSSY,
FLAREUP,
ROCCIROCCI,
AWESOMESTUDIO,
KANDINI,
GOYOWEAR,
WYSE,
MALEN,
GRISH,
MAISONKITSUNE,
JIPSY,
MASSNOUN,
CHASECULT,
TRIPSHION,
OHESHIO,
REFLYPERKY,
BLACKMONSTERFIT,
LAZYBEE,
WELTEREXPERIMENT,
BIRTHDAYSUIT,
GOLDENGOOSE,
LAUGHER,
GOLA,
GUESS,
CUSTOMELLOW,
ROARINGRAD,
LCDCTM,
SORANO,
PHYSICALGARMENTS,
PENFIELD,
BASEMOMENT,
GHOSTREPUBLIC,
CERRIC,
CHUCK,
READY4NEXT,
BOHEMSEO,
CHLOE,
WICK,
BLUR,
DIESEL,
DYCLEZ,
DTHIRTYONE,
FREDPERRY,
AMBLER,
CREAMSODALAB,
INTERSECTION,
NOTYOURROSE,
MACKY,
PESTO,
FENDI,
TENER,
UNGIMMICK,
WILDDONKEY,
GRAYBLVD,
ROTHCO,
TOMMYJEANS,
PLASTICPRODUCT,
HERETIC,
SKULLPIG,
UNLIMIT,
QT8,
SAVAGE,
AOTT,
INSTANTFUNK,
YOUTH,
TONYHAWK,
AAA,
THREETOEIGHTY,
HELINOX,
UFCSPORT,
STCO,
MANGOMANYPLEASE,
CLEVELANDGOLFWEAR,
ODOR,
ZIOSONGZIO,
CRUMP,
ELLIOTI,
FOOTBALLSTANDARD,
GLACK,
MONGDOL,
INTHERAW,
ZEROPLANET,
SALADBOWLS,
IRO,
TMAKER,
DEFAULTVALUE,
GROVE,
RAAM,
MERRELL,
GUCCI,
COACH,
HOTELCERRITOS,
NORDISK,
JACQUEMUS,
HAINT,
YOUTHBATH,
KNOWNBETTER,
ALEXANDERMcQUEEN,
JULIAPEPE,
DENMADE,
PIGMENT,
BENSIMON,
VETEZE,
GRIMPER,
LAMINEZ,
DIAFVINE,
GANNI,
CARGOBROS,
ODDPEARL,
LOFI,
HIGHSCHOOLDISCO,
SSY,
CROSSDRESSLY,
PIPPET,
NEEDLES,
BCC,
MELLURBANE,
CATEGORY9,
NACHE,
LAB12,
FJALLRAVEN,
OVERDUEFLAIR,
ANOETIC,
MICANE,
BALLUTE,
NUAKLE,
MOAA,
SCC,
DISTN9NE,
DEEPSENSE,
PAINORPLEASURE,
THEMUSEUMVISITOR,
POKERFACE,
TOPBOY,
HEIM,
SANDSOUND,
UNTAGE,
DAZEDAYZ,
OOMPAA,
YONEX,
FRANKENMONO,
DEVIWEAR,
NOTKNOWING,
CONCHWEAR,
CLACO,
NEPA,
PALAP,
BRUMAN,
SUNLOVE,
UNKNOWNPLANET,
LOOPLOOP,
BEENTRILL,
TOMMYHILFIGER,
ARRAYED,
WRANGLER,
SUNBURNPROJECT,
UNIAPPAREL,
DESPORTE,
UGLYSHADOW,
GOALZERO,
IFYOUWANT,
DOMINANT,
ASICSGOLF,
MILLIONDAY,
STAGENAME,
WESAMELAB,
COLUMBIAUNIVERSITY,
COQ,
JIMMYCHOO,
LECOQGOLF,
UCLA,
AMOUPRE,
HEREU,
VIDEOJOCKEY,
DOFFSEPT,
RAYFIKERS,
BRAVADO,
ZZEROSONGZIO,
DEUTERO,
RUNNINGHIGH,
THESTORI,
LAP,
CLAYMORE,
PRODESHIRT,
TRADCLUBVINTAGE,
ERRORSEXCEPTED,
2000ARCHIVES,
CAMPLINE,
YEYE,
TAYLORMADE,
CANADAGOOSE,
GARNETHOMME,
GARMIN,
ARIES,
LORES,
THEGREATEST,
INEXCIS,
SISTINA,
SEARCH410,
DOUBLEJD,
YMCLKY,
MARDIMERCREDIACTIF,
URBANPLAYERS,
AGNEL,
BRENDABRENDENSEOUL,
BEANPOLEMEN,
FREI,
LETTERFROMMOON,
BURMULA,
LARTIGENT,
VASTIC,
SMOKERISE,
TONYLAWRENCE,
MMIC,
REORG,
STUDIOTOMBOY,
VERNE,
EASTSERVICESHOP,
EXPIREDGIRL,
RAINMAKER,
GOTTERGALLERY,
MALOUPE,
DAMP,
ROMANTICPIRATES,
CONCEPTS1ONE,
PLZPROJECT,
SCHISMINDUCING,
HAVEHAD,
MANGO,
MAKEITTO,
GRAMOUNCEPOUND,
DBETTER,
DELIGHTPOOL,
AMFEAST,
APOSTROPHECOMMA,
NOCONTENT,
TARGETTO,
GIVENCHY,
VERSACE,
LORDLOAR,
MARKM,
LAYERUNION,
EXERCISE,
DUVETICA,
NBA,
NORSEPROJECTS,
BANTS,
EDITION,
SIWEOL107,
KANCAN,
PLAKNIT,
ROYALCLUBHOLIDAY,
MULAWEAR,
NOIRERFORWOMAN,
TAYLORMADEAPPAREL,
OURSAYSOUR,
VANISHMENT,
LEVAR,
COMONINOZ,
LITAIL,
THEATG,
DIVINEDISTANCE,
PLASMASPHERE,
OURSCOPE,
KUL,
OCEANPACIFIC,
OffWhite,
SINKINGDEEPER,
COLUMBIA,
UNIFORMBRIDGEWOMEN,
WAAC,
LOUISCASTEL,
DOUBLERL,
PINKPINEAPPLE,
BORNSLIPPY,
MOGRAMI,
OAKLEY,
MAVRK,
SALVATOREFERRAGAMO,
WIDEANGLE,
AQOstudiospace,
OTHERFITS,
JAMIEWEST,
ODDBALLSCLUB,
PHILOGRAM,
NODU,
PANAM,
ITZAVIBE,
OURO,
UNALLOYED,
ONA,
CONCEPTCOLLEGE,
CALVINKLEINSPORT,
BADBLUE,
UNLIKELOOK,
CARDO,
OHP,
INFLATION,
AFTERHOURS,
ZETES,
LUNT,
PANICALE,
CODIGALLERY,
PARAJUMPERS,
MOOSEKNUCKLES,
PHOS333,
PEACEOFMIND,
BETTERTHANLIFE,
R13,
TRAJEYUN,
NAKEDBLOOD17,
DYSFUNCT,
POWIT,
BOLDEST,
HARDCOREHAPPINESS,
MAXMARA,
MISEKISEOUL,
UMM,
20THHOLE,
BROOKLYNWORKS,
MAYNOV1722,
CURETTY,
PLATEAU,
WAYDN,
ATTHEMOMENT,
CURRENT,
CHANCECHANCE,
POTS,
TILLDAWN,
BISCUITSHOP,
ROYALLIFE,
HEUTE,
ONEILL,
NAVYCOUNTY,
BAMKELOUTDOOR,
DENAGE,
JOLYN,
DRIFTOUT,
HAVEOFFDUTY,
MONTBLANC,
DGRE,
QUIKSILVER,
BLACKEND,
FUTURELAB,
LE2,
DAUSPICE,
WEVERYVALUE,
BYSEC,
MOREOUT,
RUNDS,
HEYSTE,
PROJECTM,
WORTHWHILEMOVEMENT,
CHINDOWN,
TECHSKIN,
HEAVYHITTERS,
SLEEPYEYES,
JUCYJUDY,
BLOODLINE,
VOYONN,
NASSAU,
BRENTWOOD,
BLACKBLOND,
NIEEH,
LOSSYROW,
MOMET,
MOONSUN,
BYFAR,
WELLBEINGEXPRESS,
MONBIRDIEGOLF,
AHWE,
DOLPHINWAVEAPPAREL,
FASTLE,
THEBALLON,
AMIRI,
ARDENTSOUL,
EZIO,
LAUTREDEMIN,
ORCITE,
EXPRESSHOLIDAY,
NETHERWORLD,
ANNOT,
LEARVE,
HIDDENBEHIND,
STEVENALAN,
NUPEAK,
KHAKIGRADO,
STUNT,
OJOS,
HALFNINE,
MARTINEROSE,
MILESANDMILESANDMILES,
EDWARDMAX,
POLHAM,
VOIEBIT,
FLASK,
YDA,
NOTIA,
SUPENER,
377PLACE,
HUMTTO,
BP2DISORDER,
PUBLICKAX,
DEHO,
HOLIDAY,
HUMANNCAT,
WANGGWAN,
BLUEGRAIN,
THIRDWEAVE,
ORIGINALSPORTS,
1011GALLERY,
BOOVOOM,
ANEDIT,
DELICCENT,
HUGOBOSSTENNIS,
ANYTIMELOREAK,
AVIREX,
APARTMENT,
PENDULUM,
PARSLEY,
SSINANDLEE,
INTERCREW,
REL,
DAISYSYNDROME,
SUNNEI,
DOLLOUTERWEAR,
KAKAOFRIENDSGOLF,
TEEAZ,
AQUATICA,
ADD,
IOLO,
DREAMWORLD,
OSPREY,
DUCKDIVE,
KAPPYDESIGN,
KAUTS,
GOSTREET,
LUCKYMARCHE,
TERAWOODHOMEWEAR,
YUJE,
MOSPORTS,
GONGBAEK,
HUGYOURSKIN,
PAPERISM,
SAINTCREW,
BLACKDIAMOND,
NOCLE,
RESPECT,
CITYPOPZ,
BEANPOLELADIES,
SERGIOTACCHINI,
MOONFAIRY,
COMSONNOT,
FRONT2LINE,
AKAW,
NEITHERS,
KONSTRUKTION,
GOLDPERCENT,
CCLOVER,
TEMPLE,
LOSTINSEOUL,
KYBJT,
ROUNDTRICOT,
NEXTDOORLIPS,
ADIDASGOLF,
RADINEO,
BONIEE,
THESHIRTSSTUDIO,
HAEBYHAEKIM,
CORALIAN,
GREENBUTTER,
LUCIRZU,
PUBLICFIGURE,
TOLANCE,
LESOLEILMATINEE,
BELLIALEU,
WAVEUNION,
MATCHGLOBE,
SLOWUNIVERSE,
FORFROMFATHER,
ARDENTVELLONA,
POLAR,
BADEE,
GARMENTLABLE,
PRIMEMENT,
NEEV,
OVERTHEPITCH,
NYXX,
LAMERMAMAISON,
VONVAT,
TODOJUNTAS,
THEEARTH,
FFEFFSTUDIO,
MSKN2ND,
UNCOATED247,
SOFTSEOUL,
ANEWBROS,
NUDGE,
CLRIDEN,
MAGJAYMANS,
DRUGPRODUCT,
CORNERGREEN,
FARFROMWHAT,
BIBYSEOB,
THEGREENLAB,
DEARMYDEER,
RESURRECTION13,
INJIACTIVE,
YORF,
WSTANDARD,
NICEMANNERSCLUB,
GARDENEXPRESS,
HUKE,
BAJOOBIJOO,
KISYNING,
OOOWL,
VITALSIGN,
SLOWPOKE,
BAKKEN,
WEEK9,
OXSTUDIOS,
TREKSTA752,
DROPDROPDROPSPORTS,
UNIVERSALOVERALL,
LEMOUTON,
DEMARC,
TOOMUCHTAX,
THEANTIPLATFORM,
INBODY,
GOLFBUDDY,
COMMONZ,
NCOVER,
BLUEBRICK,
CREVE9,
ARTID,
TYKE,
MYDEEPBLUEMEMORIES,
TURTLEBACK,
KELME,
PLAYBOO,
WHAGI,
JOMA,
MARTINEGOLF,
LIMELIGHTAPPAREL,
SEVENFIGURES,
ANDERSSONBELLforWOMEN,
GRANTURISMO,
CLEVERFIELD,
LOFIX,
VERNO,
LONDONTRADITION,
ROCKPSYCHO,
MARGARINFINGERS,
MAIS,
FAMILLE,
LAGRANGE,
GOODON,
ANGELOBIANCO,
FCMMSPORT,
MCNCHIPS,
SNOWLINE,
MOIFAIRE,
SHIELD,
INROWS,
WOULDBE,
KAPPA,
UNDERAIR,
MAGJAY,
SSERPE,
MENASOO,
HERNO,
MISTERCHILD,
STIGMA,
SAYYEON,
HEISAN,
MICHIKOLONDON,
GREENERYCREED,
WHYN,
BROOKLYNWORKSAPPAREL,
BELLROCK,
STRIKE,
HENRYSTUART,
KINETO,
SUMNFIT,
SMITHARMOR,
UNTOLDLABEL,
BEBUMS,
MANIAMASS,
RYUYOUNG,
EVERLAST,
OFFROAD,
JOEGUSH,
FIVELINE,
RAMOLIN,
KATER,
PALMANGELS,
USPOLOASSN,
LUNDHAGS,
DURT,
VICTORYLAP,
ADAUL,
OUIMAISNON,
ANOTHERYOUTH,
SLICKANDEASY,
TAILLE,
IAMNOTAHUMANBEING,
KIMZISU,
MAJOFACTORY,
LOEWE,
BOBGOLF,
TRATAC,
HHIPS,
ALTAIGEAR,
BENECIA12,
RENOMASWIM,
PEGGYNCO,
CORALIQUE,
YJACK,
KLOR,
PORTMAYNE,
SUNDAYFRUITMARKET,
ZIJANGSA,
KOOKEESEE,
SURFEA,
ASSAY,
GILDAN,
BLAEC,
BILLABONG,
NOUVE,
MOCCASOM,
LATECHECKOUT,
POSZER,
TWEE,
AMERICANLINE,
BECOLLECTOR,
REACTIFY,
IHR,
VALLODENERA,
SUSUMU,
ETREAUSOMMET,
PRESTONS,
PEREGRINE,
HYPERDENIM,
GRAVERORDINARY,
DEARSTALKER,
BURIEDALIVE,
LECYTO,
OURHOPE,
VERUTUMGOLF,
CLOSED,
SALONDESEOUL,
VALIANT,
GBRO,
SD7,
OURWAVE,
CHILLSPORTSCLUB,
REFINED902,
MARYJAMES,
PHILOCALY,
LOVEFORTY,
CACELE,
ONFFIDENTITY,
SUKU,
MONDAYFLOW,
NEWBIE,
LOOKAST,
ADIDASFITNESS,
SIGREAT,
DOUBLEFLAG,
LAZYZ,
LOTSYOU,
SIERRADESIGNS,
SAINTSATIN,
CIELCOCO,
BENSHERMAN,
LINGSEOUL,
NAKEDSURFCLUB,
ADDIBLE,
CLEVELANDGOLF,
GIEMAR,
FREAKISHBUILDING,
GRANDIOSITY,
BASICLABEL,
CAREM,
ERTR,
YPYDESIGNSTUDIO,
ENDOOR,
BOASTFIT,
DAUB,
RIVAL,
ASHOUR,
OFFGRID,
GAEA,
THEWEATHERISAWESOME,
FORTHEWEATHER,
PATCHERS,
VOCAVACA,
VLETI,
FIELDERS,
PINGGOLF,
PLAYMAKER,
WANIL,
MIYHOO,
SURFACEEDITION,
HARVARDSHOES,
XNAZZY,
YINYANG,
UNLABEL,
FATALGHOST,
CONTEMPORARYACCOUNTS,
TEDDYISLAND,
BLUFF,
PAYNTRGOLF,
TENSEDANCE,
REMAGIE,
BEANPOLEGOLF,
FLOR,
KULTE,
BASICELLE,
VICTORINOX,
LADINSIDE,
ASURA,
ALLSAINTS,
TOPPS,
CALLMEBABY,
LBYL,
HAI,
BACKANDFORTH,
STAFFONLY,
ZBLACK,
RENOMAGOLF,
LALAFOX,
LEGACY,
MADCATTOSCOUNTRYCLUB,
BEBOLDBECOOL,
MADDEN,
BUNKERBUSTER,
GEARX,
OFE,
ORIGINAL,
RDVZ,
SCARPA,
BIGWAVECOLLECTIVE,
PAULSMITH,
YUPPE,
DANTON,
MANONTHEBOON,
DELIDI,
COTEDGOLF,
SATURDAYLEISURECLUB,
ROCOROCO,
TILDAMATILDA,
CITYSTREET,
FANACULT,
DEMADEN,
MUNICH,
PLANETSURF,
LOCATE,
LIBEREKOREA,
MOHAE,
PASECO,
KOLPING,
HUNCH,
FEUERHAND,
MORETHANPARADISE,
LOWCYCLE,
LARGO,
MMAK,
DEPASION,
HUGO,
KIRTIMUKHA,
WONDERVISITOR,
SUNFLOWER,
SLOWCOASTER,
JIMIKOBLICO,
OLDBE,
LEVASSE,
ANYPORT,
BROOKSRUNNING,
CROSSDOT,
HARBINGER,
TRIPSHOP,
1017ALYX9SM,
SUPRA,
HETHERMENT,
WILLIWAWSTUDIO,
AMONG,
NEATA,
MARIECLAIRE,
COLDWARM,
STUDIONICHOLSON,
GAC,
SIMPLERETRO,
NOKSEOP,
BATTRACT,
MADIN,
SOULESURES,
ATHPLATFORM,
OUTDOORRESEARCH,
EANJO,
MEA,
SAKUN,
PICTUREORGANICCLOTHING,
HOUSEOFPOND,
BLUEOVER,
FORMATIVE,
PETSROCKGOLFLONDON,
NOTIG,
ANALOGBASS,
MARBETE,
NOAV,
NADDVILLAGE,
ROXY,
REINAMORA,
FDR,
JKUSS,
RADICAR,
SUENOSTUDIO,
TAECHO,
PINOBLANCO,
EPDEVELOP,
BELLOL,
CODESTANDARD,
NOICE,
KOTELO,
WEFOOT,
PITHSPORTS,
PINBLACK,
NOUGHT,
BORNHIKER,
ZENIPION,
FEVERTIME,
WONDERWALLEDITION,
ROLANDGARROS,
CELITAILS,
SIIIIDO,
HALOMINIUM,
VENDIS,
SPALWART,
DENU,
ZIZEMUSEUM,
RRACE,
ELLONARC,
FIELDWORKER,
38COMEONCOMMON,
MMGL,
ACUD,
NEUPAGER,
KIJUN,
RERHEE,
AOPT,
HYFVE,
ESFAI,
CASABLANCA,
MMINM,
FAD,
STEPAROUND,
SOLEW,
SALONDEKII,
DOLDOL,
HENNIT,
LETQSTUDIO,
OLIVEDESOLIVE,
BERDENOIR,
GUAV,
QUALITYPERFORMANCE,
EYEUNDERSTAND,
CHILLSEABEE,
NEUFETBLEU,
UNBROKEN,
SNUZY,
BLUEPOLE,
PRGR,
KNITLY,
PRIMATE,
CAMPSIDE,
MAKEATOAST,
JANCOARP,
REVOIRSIS,
WILSONGOLF,
VIBRATE,
DEWEDEWE,
MOTIFEST,
MELLOWCONCEPT,
SELIVER,
PARAKEET,
SPEEDO,
GIFTORIGINAL,
BFEEP,
SELFISH,
MADMARS,
RAVEROUS,
CALIFORNIAPROJECT,
SPERONEWOMEN,
VABEU,
DISCODONUT,
DOYOUKNOWMC,
OWOC,
KAN6312,
VERTIEN,
DRUHGOLF,
ELLESSE,
ZEROGRAM,
LABELARCHIVE,
GUVO,
ODDONEOUT,
AVAVE,
DESIRED,
OAMARU,
VERUTUM,
SOCIN,
ARMYANTS,
ONLYSWEATPANTS,
CINDY,
ZANCA,
DANIELCREMIEUX,
14STUDIO,
LORNAJANE,
MUDSALT,
MULIKA,
SWITCH123,
WOLFLAUNCH,
TENNISBOYCLUB,
ENDOVER,
CHOUETTESAPE,
ANDTHEOTHER,
VILEJEUNE,
SHINSLETTERS,
SUBU,
90SENSE,
BETTERTHAN88,
NOYCOMMON,
MEENDERI,
GREEDILOUS,
OUTSIDEFROG,
320SHOWROOM,
NAU,
EVIDENCE,
BUFF,
KEEK,
NOWANDTOMORROW,
SOCIALGREENCLUB,
GOCORI,
FOLI,
NONMUTE,
CASEALOT,
POSTGENERAL,
DISCHORDSOUND,
CONTROBANAL3,
AEGOFREEDOMLAB,
ARETHAT,
PMCO,
DIIFF,
KINDS,
KINOX,
ANDNEEDS,
RIANDCO,
CLECLE,
ROMANNIS,
METAPHER,
FINSDRUCK,
BETWEENAANDB,
CLET,
NOT,
HYBERNAT,
ZENSAI,
PUPPYSDELIGHT,
DUNDROP,
BOYLONDON,
ILLEDIT,
SALONDEYOHN,
ALLABOUTNEW,
HEICHBLADE,
DESCENTEBASEBALL,
UPLOUNGE,
FOUNDPOCKET,
MARJIHOUSE,
PONY,
BBCEARTH,
CARGOBROSFORWOMEN,
CHOOMSUN,
SPORTSTRIBE,
COAL,
REMANTIST,
ZNOTHER,
ALEXNAIDEN,
BROOKLYNMUSEUM,
DENIVELMENS,
LOYALDECIDE,
BROMPTONLONDON,
VISITINNEWYORK,
ANOTHING,
BOYSWILLBEBOYS,
SOFTUR,
COMSPACE1980,
REPLANET,
LE,
VICEGOLF,
SY2C,
THEPENNY,
AYIHOLICCASHMERE,
5HOURS,
PALLADIUM,
OURPLACE,
TOFIT,
303PEOPLES,
PREMIEREAMOUR,
AGATHAAPPAREL,
GOLDENAI,
BASIKA,
BUCKAROO,
ALLD,
SOTO,
LANG5,
MOTIVESTREET,
PAIRS,
NONAMENEED,
DENIMINDIGOMASTER,
IGNORE,
ANOTHERA,
NUL,
YOUTHKREW,
PAGE,
FREIKNOCK,
YCW,
THEGREENCUP,
POOLTIME,
NONLOCAL,
SUIBOM,
OVERDOZ,
MOTH,
NOIR,
MANAVIS7,
STUMPYNEE,
ALENS,
BEMUSEMANSION,
MUSICFREAK,
NENETSAUTHENTIC,
CAPRICIEUX,
PLAYBOYGOLF,
DEUTER,
OBINE,
TUOMIO,
LULUCHOU,
CETO,
CHUCUCHU,
STORYOGA,
REEMNIK,
GRANDELINE,
DUSTGRAY,
NOISE,
Gachi.,
KEYCHRON,
TRUNKPROJECT,
BONMAGNUM,
CRISCELO,
AONE,
CANERA,
HOLICNPLAY,
AEXEA,
TRIPLEX,
ESEELMI,
WEIRDTHINGSFOUND,
NORDSTUDIO,
SIEG,
LIMEQUE,
MINIMALWORKSAPPAREL,
4EED,
SALADBAGUNI,
OPENATTITUDE,
MECHANIXWEAR,
HARDYROAR,
27Y,
HANSUKNE,
DYDOSHOP,
SUNG1975,
BRIANBERRY,
ERRDAY,
MIMICAWE,
LALA,
HARDGEARAPPAREL,
ANDSOMEBONHEUR,
PIGLES,
DTMC,
BRADIPO,
ROOTMOVE,
LEAUET,
MFSGOLFWEAR,
CLUTSTUDIO,
LEAWI,
NOKJOK,
HOLYNUMBER7,
LAB101,
ODER,
PLIMSS,
VASROCK,
NENS,
GARYLUTHER,
BLACKMAMBA,
CTWINS,
PLACEMENT,
CROOKLYN,
AOAO,
BLACRUSH,
47BAG,
SAMSUNGLIONS,
YUNSE,
ROSEAPPLESTUDIO,
PHENOMENONSEEPER,
HELLVN,
HEALCREEK,
BLACKCLOVER,
BUBBLELIME,
EZIOWOMEN,
DUCKHWAMANSION,
SIDAS,
ROCKEDGARAGE,
LOTS,
MOREJUDE,
MUEVE,
MCNSPORTS,
BONIDEE,
ZEMA,
GRAFFITIONMIND,
DAMAGEMNEMONIC,
NAVYTEAM,
MILLET,
NAPAPIJRI,
SKOGEN,
AVAN,
MONCLER,
FRUI,
OURPIERRE,
QUIETIST,
YUSE,
MARROT,
PALETOT,
BLEAKBAKE,
BADINBAD,
MINIMALWORKS,
LOHNT,
POLLUTION,
AIRPUNCH,
MAJOURNEE,
OJEH,
SHELLCORPORATION,
ODDSOCKS,
MUGUET,
FITFLEX,
TMAK,
LONDONGROCERYMARKET,
VICXXODESIGN,
ABYA,
WUNDERGEIST,
THERMAREST,
OVDY,
HIDEOFF,
VVV,
CENIT,
EEGEEGEE,
MANDUKA,
ACHO,
LUBBLES,
NAAIEEN,
ELLIPSIS,
CLUBACTIVITY,
BACKCOUNTRY,
POTOMAC,
BALANT,
LOCKHEEDMARTIN,
BYEYESHELLOTOM,
QDUROY,
AGOLDE,
AVOCADO,
FIFILAPIN,
TEMPUSSTUDIO,
WEHAVEATAIL,
NUNUSSI,
FRACTEL,
BENOVERO,
LOVEYOURBODY,
VITRO,
PAULCORE,
SUDB,
OMGT,
NEEDLELINE,
MIMIMONDE,
TOATEE,
RIDGELINE,
SINKERLOOP,
ECCO,
UCBERKELEY,
DAL,
PLUCKITTY,
ANDNEWSTANDARD,
PULAR,
KITSON,
YEAH,
WILDWILDWEST,
MonkeyFlower,
TOVAS,
OUNDERR,
RUNTWO,
HOKUSPOKUS,
TOTTENHAMAPPAREL,
INBALL,
ROCIETY,
ALEAF,
RAWMANTICS,
UNIFIT,
AKIA,
refle.t,
BYGINGER,
BOHEMIANBLUE,
CUSTOMUS,
PEOPLEOFTHEWORLD,
TSSPORTS,
IAER,
HEARTSCREW,
HOUSEOFSUNNY,
BEACHBOYCOMMU,
STAYPEOPLE,
ASCENTCITY,
LYCEENNE,
ABNORMALTHING,
KOMPAKTRECORDBAR,
GOUNMOJA,
PSSHOPPER,
REIKU,
HOTSUIT,
NEXEN,
INTAR,
GANESHAYOGAPROPS,
LELALES,
OYDARCHIVE,
SENCI,
ESCAPEFROM,
HENRIK207061,
MUOH,
UPPERSTROPGOLF,
VINSONMASSIF,
DAIWA,
KOXA,
GOZER,
CITYBREEZEMAN,
SIGNIFICANT,
VIVIDPRANKY,
GRIPSWANY,
VINWUED,
VESTITO,
BOWER,
CHAMPIONGOLF,
REPLAYCONTAINER,
UNIFLAME,
AFTERHOMEPARTY,
THERABAND,
CARAMBA,
BLACKPP,
MARJE,
GURUS,
YOONJIYOUNG,
TARKET,
4WIN,
PROPPER,
SOGNAREBY,
STOCKHOLMSYNDROME,
VVELOCE,
MUSCLEGUARD,
SWEATLABLE,
SNUGGIEST,
THEMEMORIAL,
IMIRK,
LEUNI,
STANDMENTS,
HARDGEAR,
25PERCENTAGE,
EMERGENCY,
KAEISS,
ARDOROBE,
MAGPIEROBIN,
LYF,
ORDINARYPEOPLE,
INSTAY,
RESTORE,
MOIREMOA,
ASANA,
DEEPLY,
FOOTJOYGOLF,
EIGHTVOLUME,
MESTARI,
ARC,
EIRIN,
DEXXTER,
RADLIMITED,
BLANK,
SEASALTSEA,
ENOR,
BETMASS,
SHUTTER,
DEVERRMAN,
TAKEFORM,
WISSY,
LAMARO,
COMMONGARMENT,
THELOGUE,
CLAWMONEY,
SANGSANGPOWERSTATION,
MEANDER,
ADIO,
AIDER,
OWALA,
OUTDOORPRODUCTSGOLF,
GLOVEWORKS,
MODERNSTUDIOS,
ERGOGEAR,
KND,
LUGBOX,
BLACKBROWN,
OCEANTAG,
OFFTHEDOOR,
LIVEPRO,
RNOT,
AWESOMEUS,
GRAMINUS,
261EUI,
BOYARCHIVE,
VOLVIK,
TOMDEER,
BEACHESANDCREAM,
BBONUS,
ADLT,
ONENINENINEONE,
WHIMSYMIND,
FOURTHK,
SPAVER,
DEEPCOLLECTIVE,
TOTTENHAM,
ETRESEOUL,
BLEXXME,
DIMELAB,
ROHNER,
POLERSTUFF,
EMOTIONPLANET,
SLOWSTANDARD,
SOULBYSEL,
SIERO,
DONTWAKEMEUP,
DUPLEX,
VYNIC,
SPORTLER,
ARCHIVMENTS,
SURFLO,
BIIBII,
SUSTAIN,
YUPPIE,
ONEHUNNNIT,
LIFEFORCE,
MONOSEWING,
HDCR,
STELLABE,
CALLAWAY,
DAWNSDUST,
OCCUR,
VERSEONE,
MUTEMUTE,
AKECII,
SWELLMOB,
RAPIDDOMINANCE,
ANDGOLF,
OUTOFTRUNK,
EGOJIN,
GARO,
PLASTICBOTTLEBOAT,
GRAPHPLATFORM,
EASEOFF,
BOSS,
LOKWARD,
THECENTAUR,
ACLISE,
GOLFZON,
XXIO,
ELNATH,
DRX,
GREENJOY,
SEPTEMBER29,
FEVERMINUTE,
WTD,
4MONSTER,
OTTERBOX,
BALANSA,
SPICA,
SEANLEE,
NEARUS,
ARGO,
QUAFE,
RABBITTISPORTS,
YOURNAMEHERE,
KNIZURE,
ANDROS,
MIZUNOBADMINTON,
EASTHARBOURSURPLUS,
CHUCKLE,
PIRETTI,
BLUESUNFLOWER,
KATIN,
MEDIUMS,
ETERNALYOU,
DIVEEPRO,
CARROTS,
KATHARSIS,
FILAGOLF,
PLANETREMAKER,
STREETSTANDARD,
IMOZAN,
CHAMPAGNEBLANKAESTHETIC,
PIPE,
BLENT,
AGENTPEEK,
GIND,
CELEBRATEWITHUS,
OXIA,
HELIKONTEX,
LOLONG,
OWURA,
MOTRIL,
SPARKLINGPIECE,
ATTENTIONROWFORWOMEN,
SCOTA,
HAZARD4,
WANKER,
KIJIKO,
CATTLINE,
LAURENRALPHLAUREN,
ENGINEEREDGARMENTS,
HACKESCH,
SRIXON,
DELAROYAL,
BYALLMINS,
YALEGOLF,
COLEMAN,
GETITON,
THECHILDHOODHOME,
REDSSOCKSOO,
STEINGARTEN,
PRIVATENEIGHBORS,
F8KECHEMICALCLUB,
MEDINSTORY,
STUDIOTABLE,
INCHILD,
EASE,
OAMC,
BEBOF,
JACKNICKLAUS,
WNDERKAMMER,
LEVERDIR,
ONEAIM,
FILLCHIC,
ANDZ,
SWEETSOUP,
IOEDLE,
BENDLS,
PREVOIR,
OFFTUNNED,
MARRONEDITION,
DANGLEDROP,
GANISONG,
KATRINAK,
ATTRAVER,
FLAGNIQUE,
HAUS,
OPENINGSUNSHINE,
WOVEMENT,
EPOCH,
BIRBANTE,
COTTAGEHOUSE,
NOFFICIALNOFFICE,
CLAUSLAB,
FESSURA,
ACOLDWALL,
APLAYGROUND,
ONOFF,
LETTREDELETOILE,
REXY,
ZOBHA,
EIGHTEENH,
MEDIHEIM,
APRVD,
HIDDENBAIT,
HIDEOUT,
RHUDE,
SOMETHINGACOUSTIC,
MIZUNOGOLF,
HUMANT,
DAFINHAWAII,
NOTOURS,
PANINI,
BARIGATE,
XIOM,
SKAMP,
LUCKYCHOUETTE,
13MONTH,
LONDONUNDERGROUND,
ARTICLEVEN,
COTTONBELL,
WINDER,
AVAMOLLI,
ESCSTUDIO,
POSHERD,
HELMSPARIS,
MCM,
TAION,
MELANGELAB,
VALENTINO,
RAMUSTUDIO,
ADIDASBADMINTON,
CLE,
CONTEMENT,
RAFSIMONS,
NOTTZ,
EVENER,
OFJOY,
RAB,
AVEN,
PIEBY,
CORCA,
HEYRELAXCALMDAWN,
BLUDOT,
032C,
FORHER,
EDIBLET,
FUTURETRO,
ARCTERYXVEILANCE,
RAWTORAW,
ALOU,
MODERNABLE,
DEARLIFE,
FIVEDECK,
1953CAMPERSKHAN,
CPTS,
PROUDMARY,
DRAE,
MONOPHOBIA,
DROLEDEMONSIEUR,
BROOKLYNDENIM,
CITEDECITE,
SIWY,
YUZEFI,
COLORHEAL,
BODYCREW,
DIOR,
RALMODE,
SAYER,
CAMBRIDGE,
SOIR,
NITINA,
TOPGIRL,
DILETTANTISME,
NOEUD,
ATEMPO,
BABLETWO,
FROMARLES,
LACEREMONIE,
LIKEWIZE,
MATTHIOLA,
FIELDMANUAL,
RAVIIN,
MEVERICK,
MILLIMILLION,
BLANK03,
CHIQUITA,
BONRROW,
HORNGARMENT,
ZEMETA,
KELLYDONAHUE,
ULKIN,
HELMUTLANG,
THEROW,
OEF,
PIAP,
TEENYTIGER,
MILLETCLASSIC,
INYS,
RAWNAW,
TESTAMENT,
LXXI,
MACNI,
SNUGU,
ATELEEN,
BLANKROOMHER,
COURREGES,
CREWMEMBERSONLY,
BOBCAT,
SHVTO,
LITEWAY,
RYAKE,
1990BOY,
LOVEUSU,
VINCENTNAVY,
MACHINEBOYMACHINE,
ARSCONTACT,
MMAM,
MUDIDI,
LANGNLU,
FYUCHR,
HYDROGEN,
EMKM,
LINESTUDIOONE,
OUSE,
ARCANEFUNK,
CAHIERS,
SMAXKOREA,
HOWL,
NOIRDEVIGNE,
REVEREVE,
STANARD,
NUVO10,
MONOFLOW,
MWOONG,
CEJ,
MUMUSK,
MAROGOLF,
WMMSTUDIOS,
RUS,
ZENVALEUR,
YUTHENTIC,
THESTUDIOK,
PHIZ,
DIEPHOD,
MUILL,
ROHEEAPPAREL,
MISHKA,
PROJECTIN,
ULUK,
ILOIL,
EJNOLEE,
NUANAME,
AOW,
RECULER,
DOUPWN,
LIKKGOLF,
WHYSOCEREALZ,
TODS,
LALASUNNYSIDE,
CRITICALFLEX,
NEIMLAB,
COELONINE,
ALLKANGDESIGNSTUDIO,
KONZERT,
69SLAM,
SEJINIST,
BLUEMERLE,
CANVARTS,
BLANCdeNOIRS,
AOX,
SUMMIT,
NBNC,
CIELEATHLETICS,
UNDERBASE,
EDITMENT,
FREECS,
CALICO,
MONFOOT,
LOBEATI,
IM.J,
ERL,
NOWBAU,
MAUSOLEUM,
YOBEAT,
DEARISH,
WEATHERMONSTER,
IFELSE,
KYO,
LEBENEA,
VOKEN,
AMOUR,
JUNECI,
SPITFIRE,
TAV,
VANCEFLY,
ASHGRAYSTUDIOS,
NEVERMINDALL,
FREIHEIT,
MENINJUNGLE,
BANAX,
TENBLADE,
SEOULIEN,
DAMIKICRAFT,
HYEYEONGKIM,
CAPSNSTUFF,
ROLLINGROLLEYE,
PLAYMONSTER,
MOTOVELO,
ASPARAGUS,
TOINQ,
ILLUSTRISILLUSION,
FAKECAMPER,
BELLEMA,
KARETA,
COCANCL,
THEMADNESS,
NONNOD,
MEIHO,
THELOOM,
SEIERA,
FAHREN,
MONDIAC,
JVINEYARD,
MITTA,
KOMOK,
DENIVEL,
REBLETSWM,
AMAIYUUTSU,
SPORTSILLUSTRATED,
LESONNET,
QMILE,
KNICKERBOCKER,
APRIL77,
ZESTAIM,
ODDLANGUAGE,
KIMDOH,
YOUKSHIMWON,
SBLANC,
NASA,
HAVELESS,
CALLIOUS,
CROISSANCE,
IMPERIALMOTION,
OHYEAH,
BQUIET,
FLXBL,
BEMIGHTY,
TABBLUDENS,
EAAH,
HONORTHEGIFT,
CARGOCONTAINER,
TINABLOSSOM,
WHOLEPAPER,
ARIWR,
SWEETONEEIGHTY,
HALEY,
MCKAYSON,
OUTSHELL,
CHAMASPORTSLAB,
PLADI,
KICHELEEHE,
BASSOHOMME,
OIVE,
ONSENNE,
SECBYRIGOON,
FREDDIEANDMERCURY,
ASIHA,
OKENSSEOUL,
MARSCOLLECT,
IMI,
ANTIHERO,
YOUNGWALLJUNCTION,
MARINADE,
DEARYU,
BLUV,
LIFE,
BLOW,
SAOLA,
ALLEYESDOWN,
LOITERLOITER,
MANES,
MINU,
NATUREHIKE,
BIMBAYLOLA,
BUTTONPLAY,
TOSE,
ELLEGOLF,
NOTONLYFORTODAY,
WHATHEPUCK,
GOOGIMSCOMPANY,
HANRYANG,
ABOUTFISHING,
HIGOLD,
PREENJ,
LOAXUAL,
WINEEZ,
HUTOAN,
CHAENEWYORK,
SEOULAPPAREL,
SAVEADOG,
MNW,
EMM,
SOUNDSBMUET,
OBJECTMATTERS,
02ARMOIRE,
FILOBISKNOT,
STHU,
GOODDAYMATE,
KALMDOWN,
FRIDAYNIGHTGOLFCLUB,
MOSMOR,
SUKEE,
IMEI,
ZISZAS,
PAKKE,
AUBOUR,
AWEBORNUS,
MUSEBYROSE,
CAMPEYEWEAR,
EASTSTREET,
LEADRAW,
KIME,
HERESSY,
ASTLAY,
CCOMAQUE,
ROMP,
COPERNI,
NORTHSEACLOTHING,
KANGSISTER,
UPPERSTROP,
KUROSHIO,
REKIND,
VIBEREEN,
VEGANTIGER,
BERMUDAGRASS,
COME,
SUHSUH,
VIMUN,
DOUBLEEIGHT,
NAYRO,
FLOPOP,
PERSIANCATGOLF,
PISCATOR,
ZEROHALLIBURTONGOLF,
AMARDEW,
ARA,
SALTYFLOWER,
BLAHBANG,
DENSITY,
WHITEBALL,
JINJUSE,
FABERFINGER,
BASICCOTTON,
FOLLOWFATHER,
REMPLACEMENT,
HAAND,
INDIGOMIDNIGHT,
NINEBAT,
HOLIDAYOUTERWEAR,
JUNECISPORTSCLUB,
EPONYM,
BOOMBASIC,
LEHEE,
REVETIR,
BECOOL,
VELUA,
HUMANGALLERY,
CONCEPTUAL,
HELLSBELLS,
ERSCO,
ICONOGRAPHY,
SAKK,
MAISONDEMAIER,
EYEYE,
MONPLISSE,
OFYOUNG,
SAI,
INTEREST,
YUGADANG,
YEO,
OAFISH,
SUGAPOINT,
WEG,
LUCKCHOU,
DIMSKIN,
BRUANT,
RICONINE,
CORNOQ,
DEWEHEARTDEWE,
ONNE,
USEDFUTURE,
STYLEBYMIIN,
ZONEOFF,
ACTG,
OVERGROW,
EASTINDIGO,
ANOWEEK,
CDENOIRS,
OZOD,
POSTX,
LUNACY,
COBLYNAU,
PANGAIA,
PGR,
BREUER,
MILLETGOLF,
JADENCHUCK,
ISSEYMIYAKE,
RADRED,
RUBRAE,
CLAIRDESAGE,
EE,
CHAOSMOSBYTALLI,
MERENS,
PLEASEMOVE,
RRRRRE,
MAIANS,
SHIHOLONDON,
ANCIENTUNION,
LUREFACTORY,
DOZOH,
GREEMY,
MUER,
LUONEER,
CAREFREE,
GAMESETMATCH,
CELINE,
JANGJINSEOK,
ADIDASCOMBATSPORTS,
FAKEMAMA,
COMMA9,
SLLOWGARMENTS,
IFXY,
MACARTHURAPPAREL,
VOICECADDIE,
PREMORY,
VOLVIKGOLFWEAR,
KAYKAY,
VENECY,
DODICI,
REFLECTIVEROOM,
WWORKSHOP,
YOUNESS,
SERIES,
KELTY,
KALEG,
HELSPORT,
LAUV,
MAZZU,
DPLAT,
NOBIS,
HOWARDSHOOTER,
BKERMIN,
DORKY,
NANUSHKA,
KAMELO,
LUNECAVE,
MACBLACKSPORTS,
STAYWITHME,
UNNOUT,
SUNDAYHOBBYCLUB,
EKHON,
FRAMEOFF,
SWEETSWEETNESS,
MASSCOB,
CREAMSLAB,
FANYOUNG,
SPUNKY,
LOVIQ,
STORETS,
PLANETMERCURY,
MOMEBEN,
FLOWOMEN,
MATS,
NUDAT,
FLASTTIC,
ONTZ,
FLAP,
VENTEPRIVE,
MANSIONAIR,
LAVIOLETTE,
FUNNYPIGMADE,
BLACKHOODY,
ANTEPOST,
PLUS82GALLERY,
OBETE,
YOUAREINVITED,
WHENIWASYOUNG,
POSENUMBEREIGHT,
BEIRUT,
GOODDEN,
AYAYA,
VAEKCIE,
KEICURRENT,
DOWNBLOW,
LEAPLING,
IFG5,
CLOTTY,
OUTOFBOUNDS,
GPRIXX,
MANSIONHEM,
CLANGCLANG,
GUTBAUM,
ANOTHERLEADER,
PEACEBLOSSOM,
ONWEAR,
201BREED,
CHADPROM,
OLDFAVORITE,
SEOULRECORDFAIR,
DAYOFF,
SCOTTGOLF,
NOUVELLELUMIERE,
WING,
HETIT,
COLORBLIND,
LIKEME,
MONTURA,
TITLE,
AFLAF,
NOTA,
GIANNILUPO,
SHINIL,
SOUNDSGOOD,
ITSDOG,
OSOLI,
MONOPATIN,
HEO,
WEBZENFRIENDS,
SKYCARE,
MAISON246,
TWENTYFOURT,
BETTERTHANSURF,
THENCE,
OSHIGH,
WHITEMOUNTAINEERING,
LEYIEL,
TUIN,
247SERIESFORWOMEN,
FCOCOROMIZ,
MANONTE,
GROUNDSSWET,
JOHNNYCARSON,
AFEWCOMMENTS,
CONCENT12,
JUSTHANG,
COETT,
SALEWA,
MERCYCROWN,
SUNDAESCHOOL,
YORKMINSTER,
AUM89,
TEKII,
OESOEL,
OBJECTMUSEUM,
SSOJI,
COILY,
GERIANDFREKI,
WOOVING,
LAD,
CER,
PSYCHIARTIST,
LEFORONG,
PALETTE,
BASQUIATBROOKLYN,
GLENMUIR,
AUGUSTCLOUD,
WOONG,
BOWLLOON,
FAITHFUL,
INPREP,
AZUR,
UNHIDDEN,
BERNARDMILLS,
SLOWHUMAN,
NAPPINGSNOW,
ARBREDEREVE,
OFFTHECODE,
PROTAGON,
LAZYLAKE,
FRANKDOMINIC,
SER,
ICHINY,
RESTINPIECES,
SLEEPYGOM,
LEMIEV,
COMMUNITYCLUB,
PUMAGOLF,
CLASSCLOWNGOLF,
WORLDSPORTSCARD,
NOMOREBAGELSCORE,
CONECTX,
BIANCHI,
EVENIE,
NUUKFITTER,
PEERLESSNESS,
MMUNIPROJECT,
FLUTTERSTUDIO,
CALONE,
REDORIGINAL,
DARO,
JDX,
RURU,
STANDARDCURVE,
CARRIERE,
FOCEPS,
BOULDERC,
NERVOUS,
DC,
GREYYANG,
ACORN,
ARCHTHE,
ATHLINABLUE,
FANGOH,
EACHDIFFER,
CHOCI,
AGOODDAY,
DAKINE,
UTINGGOLF,
HANSAGOLF,
LUDE,
CHRONYX,
KIMYUNG,
JIPRO,
CADEJO,
ZIMMERMANN,
SUPHERE,
SOWERIUM,
DAANHAUS,
HARVARD,
MUJEL,
LUEPROJECT,
WIM,
BIENKIMIIYE,
CONDOR,
DOLM,
BLUEJAINERCLUB,
MOME,
SOIIU,
PRESERVEDSTATION,
NOMEMBERS,
CETU,
THEVERYTHING,
DIVINGSPOT,
SSQR,
NUPARCC,
HOWEAR,
GYMMASTER,
MULLION,
OLIVERCOTTONS,
ORIGINALSWAT,
ODDHOURS,
NONMAINSTREAMER,
AGGRO,
DEMONSTRATE,
OUTOFHABIT,
JOHANSKEEM,
ENERSKIN,
POSITIVEVIBE,
ATHLAZ,
EIGHTPEACE,
CONVOY,
SAII,
PIGMILLION,
VIABONDEVIA,
BROWEND,
MODERATE,
LAUL,
KRACKATHLETIC,
210X297,
INDEP,
HAZ,
YOUNGANDONE,
GOTHICQUE,
MILSPECMONKEY,
JEMKINS,
ARRANGE,
MADEHANMUT,
BASSHU,
ARTSDEBASE,
KLIMGOLF,
SUPERNOVA,
JRIUM,
THEGOSPELOF,
MARINESERRE,
FITTEREST,
HATTONLABS,
CALLAITE,
NANACREW,
ROSIYA,
145OFFICE,
AHHORN,
TOMILIFE,
VENUM,
OKIIOLOUNGE,
BASECREAM,
SEAFOLLY,
POLARIS,
SCHWA,
MURACO,
PEEP,
COMFYSHOELACE,
WOOLPOWER,
BEOM,
NOTHINGEVERYTHING,
VISSLA,
SPEEDY,
HOMMEPLISSEISSEYMIYAKE,
OFFWEEKEND,
IENKIIENKI,
DIADEM,
LOVUEE,
OMERTA,
FLANCFRERE,
DARED,
FAYRI,
ROEM,
GIMMETHEYOUNG,
MITTE,
SUNDAYESSENTIAL,
CRISION,
KIIACE,
OBOZ,
WSCARCHIVE,
HOLLYMEISTER,
GVOSS,
TRVR,
CANNI,
SEONEEDCLUB,
KIMOUI,
UJBECOMING,
MARCOPOLAR,
SAGENATION,
WEARIS,
MAROYH,
HT101,
BARBICHON,
BIRL,
CAMPERGOLF,
KNOWWAVE,
THEASHLYNN,
EXHALE,
ECOMMAE,
PROJECTJOJO,
MEDIA82,
RIPCURL,
TIGERCLASSIC,
WALLPAINTER,
NEASE,
LEEDSLESS,
SARANAGI,
BLUDIBLU,
STANDARDBLUE,
COLECOLE,
DPYSMNT,
BULMENG,
ERIA,
PROKENNEX,
NORNOT,
NIGHTFLOW,
ALTHOUGH,
ZAKOPANE,
HIGHLANDDELIANDGROCERY,
DEFIN,
INOSGOLF,
PUFFWATT,
LIKELIHOOD,
GROSSINVENTORY,
OLFLAME,
NOCLAIM,
ARRT75007,
ANUK,
LASPORTIVA,
KEITHSSY,
CHECKMILLEN,
DISENDIS,
LOCOBASIC,
GOOGONGFAST,
LUCKYFLOW,
BOYCENTRAL,
COLORZNEWYORK,
PANOVE,
SOSU,
KOZETT,
BAUST,
NOMATTERWHAT,
JUSTMOOD,
WEMEWE,
RWDER,
OKEYPLACE,
DANAH,
LANGSAMER,
ATAR,
COENPE,
BLACKASTERB,
ASTROVUS,
YLES,
MNL,
CHRISCHRISTY,
COKIE,
ZHOUERO,
WARDROBE,
BNHW,
PRIMAVERA,
SCENERY,
COROTTS,
CHRISBROWN,
MUVECLOTHING,
DELUXBOMBA,
BUBP,
MELTINGLOW,
ASPHALTKINT,
MEGAPACK,
DEARGARDEN,
AROUND80,
LIQUORBRAND,
COTESSI,
PALMTREEGOLF,
PHENIX,
ANDTHENWEDANCE,
NONANDNON,
NEMO,
NETSOCIALCLUB,
ABUGARCIA,
SKYFIT,
YAMAHAGOLF,
131ENSENTI,
QUASIPURITY,
KAZMI,
WILDBROS,
DEPARTMENTFIVE,
FELICE,
WEREVE,
5PENING,
ECOP,
QUITTER,
INOUT,
LER,
LETTUCE,
BLIZ,
DOUCAN,
TUDE,
HATU,
ADIDASMOBILE,
NICEAEONS,
ONTHESCENE,
SIO,
FITBOON,
OVERTIA,
MOREOVER,
NOTSONORMAL,
LADEDITION,
UNIVERSALWORKS,
DOYO,
LOEKA,
GROFS,
PLAYSAM,
WOOR,
JEEPCAMPING,
CLEF,
YMC,
MONDEGREENRECORDS,
HONGWOOSUNG,
HELENKAMINSKI,
POINTFIXE,
GROUNDWORK,
ROA,
PORTUGUESEFLANNEL,
RENNYRENNIE,
VALOREN,
VICTAS,
LEKI,
COMFY,
AMIDIBLOOM,
RAYANDJAY,
TOOLCON,
ALADDIN,
NAHMIAS,
AOMG,
LUVON,
KARURESEARCH,
JOJILONG,
SUPERSTROKE,
RAWFITSTUDIO,
SHIMANO,
LAMODECHIEF,
UNMUTE,
TOTTENHAMHOTSPUR,
KYM,
GDDN,
PODER,
STEADINESS,
PELICAN,
PENOMECO,
HIDCOTE,
EXPED,
TIERRA,
STIZ,
DORHE,
EXOD,
IRUSIDA,
BDDN,
MONTEETH,
KEYPU,
LIRRHOE,
NAOMIABLOH,
ELWK,
YOURMONTHYOURDAY,
PENEKTON,
CHALLION,
FLOAFERS,
TENTATIONEM,
TOKEBI,
BAEZUAN,
NEROLII,
LEGATOGOLF,
VERTINI,
FIT2C,
SUPERPARADISE,
HIFIFNK,
WILDWORKS,
MOSTWANTED,
INTIMARE,
NUBELLS,
GOLFKICKS,
MOONEED,
HALFWAYNATIVE,
MACULAR,
LETAPE,
ABOUTEMBRO,
JORENZCARTIESS,
ABLAPUDETI,
ALOL,
DELILIUM,
TRENCHLONDON,
WOWVIEW,
AYU,
HILLSEND,
KANOH,
CESCO,
OFFONSTUDIO,
NAKEDPISTACHIO,
KATTKATT,
GOOA,
TERKITERKI,
HOXTON,
SUITABLE,
MULLIGUN,
8DIVISION,
NOWHERE,
LONGPLAYINGRECORD,
THESLANTED,
ZCODE,
LOMHEAVEN,
BIRDCHE,
OBJECTFUNK,
BT21GOLF,
OFOS,
MAXX,
MISMADE,
RUSTEACH,
I4P,
LOUNGEAPT,
HALFPENNI,
KWAKHYUNJOOCOLLECTION,
FFAI,
MARRT,
THENOW,
NOTART,
MILLIN,
ZIHEE,
STONYSTRIDE,
WOOZO,
TRIPPINCELL,
APETHEGREAT,
PUNAZERO,
TANTAN,
YESEASY,
NIISSIPRESS,
ENOUGHISENOUGH,
MOL,
BASQUETEAST,
JINJONJAM,
LIKERISE,
UNHATE,
MAUVE,
KEEMOON,
ACONTENTSLAB,
MEGAPHONE,
WIGGYS,
COLLYSGOLF,
FITSUM,
PXG,
COLEHAANGOLF,
BOLLE,
ROTI,
MARSFRIENDS,
TITLEIST,
LOGOS,
EXYAIW,
LEADEN,
CUSTOMBOLT,
CAMIELFORTGENS,
TELA,
MILKWAVE,
EXCURSE,
TOFORTO,
SUNDERLAND,
VOLTAIRE,
BOONDOG,
GFROG,
NSR,
SOOOLI,
WEBER,
ROECKL,
RUNABLE,
STANDSTUDIO,
LYPE,
SMK,
GDEVIL,
0104,
FASE,
POPTRADINGCOMPANY,
WHODECIDESWAR,
STARSPORTS,
NEWWAVEBOYS,
1000V,
WARDROBE.NYC,
HAIYA,
DB,
MOSSY,
KASK,
RACLEUR,
IRREGULAR,
HINGE,
NEWBALANCEBASEBALL,
SOZO,
BSLASHB,
UNIVERSITYOFMICHIGAN,
SOROERUARCHIVE,
LESTE,
PARKSSY,
NOTABLE,
RRR123,
KISSOFLIFE,
KNOG,
FOVERE,
RABDY,
KKIMAE,
HEINZUNDKUNZ,
BLINDNOPLAN,
WOERA,
NPNC,
JFIASCO,
SMILEYORIGINALS,
ZELOTIS,
OWO,
MAOIS,
ZILCH,
TELIC,
ANCIENTGREEKSANDALS,
AGA,
726GEARS,
YAIBAX,
DEINOC,
KOVEAFISHING,
UPPERCOLLABO,
SNOWOWL,
ILTEMPOSELECTSHOP,
HEROINE,
GARMONT,
LAWNCHAIR,
BERNHELMET,
FEELLOWSOPHIE,
ENTRACTE,
VANTVAART,
1159STUDIO,
ROYROYSEOUL,
MODESTY,
A6OVE,
337LEE,
ASUETO,
MANUELLEETGUILLAUME,
MXREDUCTOR,
FLORIDATICKET,
BAVERSE,
CHOIZAROAD,
OPENENND,
VANQUEST,
SPORTFUL,
INSTANTFUNKGOLF,
ZDA,
RUFFNTUFF,
DEFOND,
DEARD,
TAKEAPICTUREGALLERYSHOP,
DIBS,
OWL91,
BELLO,
STUFFER,
BSJ,
ACRID,
TRYYYPLE,
SMOKMOOD,
MYSTERYPEOPLERESEARCH,
OLDE,
KEEPATALLY,
EEASEE,
FEATHERWORKS,
LOEILFORMEN,
BLANKBRICK,
PARANOIDHOTEL,
EOUS,
BOOKONTHEPARK,
SLEEPERHITVIDEO,
RIGOONSTUDIO,
SIIOUR,
RALLYPOINT,
PSYCHOPURPLE,
PEAKPROJECT,
BABYCENTAUR,
MINKYLUCKYPOWERLAB,
OBSESS,
YACSTUDIO,
YUNGPO,
MOMENTBYM,
BLACKHIND,
LITTLEBREAK,
OSEE,
BLAKOON,
DENDEL,
XNADUWORKS,
KYISHOO,
TMRW,
LESCOLORER,
USUALEDIT,
KICHWORK,
KILUCKGI,
PEACEBESARAH,
SAFEHOUSE,
DESIGNERINVITATION,
NARROWMIND,
BLEDITION,
LADLAB,
SILENTSOCIETY,
ODDMOOD,
CAMOUFLAGELAB,
IRIZIS,
HAZZYSGOLF,
LOVECRAZYWILDMAN,
ILROZE,
DAREPLAY,
LIGHTMYFIRE,
HOTHAN,
PINSANDACES,
DONIC,
ARIGHTANGLE,
TAPINGTECH,
MAJESTY,
INTHEKNOW,
SHUASTUDIO,
TOURGOLF,
DURAFIT,
INODORE,
JERA,
PRINCE,
FRANKLIN,
MYSTICBOARDING,
BRIDGESTONE,
ZDSPORTS,
SAXX,
DAKSLONDON,
IRYUK,
ADABAT,
HEIMPLANET,
AVVESGOLF,
MPACPLUS,
STETZ,
LAPRESMIDI,
PALPALSKATES,
BALLISTICS,
232,
SEFR,
POLARBOX,
EVELIN,
COURANTSAUVAGE,
NATURETONES,
FRICHFITS,
VIVARO,
KISSER,
VIVA,
KASCO,
URBANBEAST,
PRINGLES,
SKYBoom,
LITHE,
HOMEBODYTHINGS,
HONMAGOLF,
CRNK,
AXXEN,
LDLMOUNT,
STRENGTHLIFE,
FORUNDER,
BETTINARDI,
BICEACHIEVEYOUTH,
ZETT,
SEVERO,
MARUMAN,
WECANDARE,
BIGAGNES,
SPICETHINGSUP,
OOOMARKET,
MEZZOKUNST,
GSIOUTDOORS,
AMUKOREA,
ROKIN,
GENTLEMENSHARDWARE,
LETTER,
YONEXGOLF,
LALPHA,
ARTWORKMUSEUM,
MTSUMI,
PATIZON,
NONFORMALHAUS,
MYVIEW101,
HAUZIAN,
NICKENT,
BROISTER,
KOYU,
AMINOVITAL,
CHAORAS,
TROIA,
VALEXTRA,
ETUDESSTUDIO,
ABUS,
GLENNSKI,
CASTELBAJAC,
MSR,
LOUISQUATORZEGOLF,
DENNISGOLF,
SKLZ,
FIZIK,
PACIFICANDCO,
PHYPSMART,
KITTYPOTTERY,
WINNERWELL,
ESTENE,
ECOFLOW,
ONEOFTHESEDAYS,
OVERNOH,
LOWA,
EGNAF,
FLUID,
TMOUNT,
AURA,
HONGHOL,
KOVISS,
BODYFRAME,
MOACAMPING,
ORTOVOX,
VENTE,
THESURFBOARDWAREHOUSE,
DUNLOPRACKET,
CRAIGGREEN,
HURLEY,
THYME,
JOHNSMEDLEY,
TAB,
LUXEOUTDOOR,
PLOUF,
ONEPUTT,
KIMAURA,
PETROMAX,
METSMOI,
ASHBURY,
COMPRESSPORT,
IGROOM,
BUBEL,
ZANMANGFUL,
GBHAPPAREL,
HYUPBYHYUF,
HILLEBERG,
CURVO,
CAROUSELGOLF,
LUPL,
DUCKHIP,
CARBONE,
LOYBALLGOLF,
YOHEMITE,
LEDLENSER,
MCDAVID,
DUCADELCOSMA,
SPALDING,
SELKIRK,
DEUX,
TAHOMA,
TWENTYBUCKS,
MONDOMONDO,
MIWHOLE,
CHAELOOK,
JOOLA,
NIUPIPO,
GEARBOX,
FRANKLINSPORTS,
CHEESECYCLINGCLUB,
LUCY,
HULTAFORS,
CRAZYCREEK,
AIRIAL,
PARAVION,
ZEISS,
BRIOCHIN,
JAGUY,
BUSHNELL,
MARFASTANCE,
MINTARETRO,
FIELDLAB,
MODAK,
SWERVE,
NITTAKU,
BACKYARDBUILDER,
RANGT,
LUETTBIDEN,
PARKLON,
24GRAM,
ARTSPEAKHOUSE,
MAGENTAGOLF,
STIGA,
TAGRO,
IOIO,
GROUNDCOVER,
SANTACRUZ,
CREATURE,
THECARING,
RUDEMARK,
TRIGGERPOINT,
FAGUO,
ELECTRICGOLF,
VENTEZ,
GVTOUR,
JACKERY,
DRIADE,
MAGIS,
VOITED,
SEASNOFF,
AQUATICSOCIALSCENE,
BALLET,
BELAZY,
IHNOMUHNIT,
RAVELISM,
BLINDNESS,
JUOC,
ROYALHAWAIIANCREATIONS,
902S,
MIZU,
MISSILEGOLF,
KYE,
DOMETIC,
BRIKO,
ETRECECILE,
DEARESTSTUDIO,
TRANGIA,
SOLOSTOVE,
BIGLOOP,
MONSTERG,
IKAMPER,
CAMPGEEKS,
WICKLANTERN,
LAGREN,
TENTMARKDESIGNS,
108GOLF,
NAUGHTYCHOCO,
ISOKWOOHWA,
HYPERFLEX,
MAR,
MATUNAS,
SCOTTBURKE,
CBC,
COLORROAD,
RAKEL,
AIRFORCE,
INAVISPORTS,
HIGHHIKING,
MADN,
ALGORITHM,
HEALTHYBROS,
XCORE,
JONES,
LAVENHAM,
EMERSON,
YELTO,
LITTLETAILOR,
EVERLASTFITNESS,
YUJEFORWOMEN,
BIRDSOFCONDOR,
KANGSHANYEON,
KINETTA,
ITZONAPPAREL,
FAR5,
FOREARCHIVE,
YOBS,
EBONYDAY,
YOURLIFEHERE,
LIVEUP,
CARVERSKATEBOARD,
MINASONG,
TOBOGGAN,
GIGAGOLF,
KOKYUU,
FLAVOUR,
SINCITY,
EASYOGA,
ETRO,
CLOUDDANCER,
LACIELO,
112365,
FINDCHILLIN,
1754CLASSIC,
OBJECT,
GOODFRIEND,
PARTSPARTS,
GOLFIA,
SAYSKY,
UNITGOLF,
BELLEFFA,
SPOBANK,
WAYBETTERSIS,
STAUD,
OUSTALETI,
BLACKBULK,
LUTEN,
URBANCAMPER,
DIRTYCANDY,
PINOMARE,
FLYRUNWAY,
ROSCOFF,
JEILIM,
BOMBTRACK,
KKYAK,
PHASEWHITE,
OUT,
DOMARS,
JOSEONTIGER,
SUNSHINER,
SIMPLE,
WAVEDONUTS,
GRE1SCALE,
KEEMU,
JACKAL,
ALIAS,
CASTELLI,
STOFF,
DOLLARFLOWER,
ARMORLUX,
EGOIST,
NEXTORCH,
OLIMPIAZAGNOLI,
PRK,
2MONKEY,
FEELENUFF,
JOSUNFIREWOOD,
EBERLESTOCK,
KANALWEAR,
ROGERVIVIER,
SMARTWOOL,
VISUALELEMENTS,
PROESCE,
TERRYIT,
WITINART,
GOSEN,
BVLGARI,
SPEEDMINTON,
ROSSIGNOL,
BRONIS,
HOLEINONEBRAND,
HYDRAPAK,
VIVACCO,
NAKEDORDRESSED,
AORDDA,
BYCDOLHAPPYFOOD,
KROOKED,
79BY79,
CESTMAVIE,
SURFNTURF,
PUBLIC,
KLAMMERN,
IRUNNER,
MIDSUMMER,
PURPLEBLOOD,
BENTLEYGOLF,
ACENTE,
THEINTERNATIIIONAL,
HOUSEOF1817,
XZCOMPANY,
IWANNA,
WAVEWEAR,
DEMUSE,
VIVACLASSY,
GEARPACK,
COUNTRYPOWDER,
ALANITHEGREY,
SHOJIAMI,
IISE,
PRIVATERIOT,
GRX,
COWORKERS,
SECONDARYLEGEND,
HDS,
KEEKAKOSTUDIO,
UNOTHER,
COASTWONDER,
WANNAFIT,
RAVIDE,
OALSTUDIO,
HYUNDOBAE,
CROUTINE,
SEOKEY,
THESINCE,
UNDERTONES,
FINNE,
WALTHAMMER,
ESY25,
SEWCLASSIC,
LEAFCLOTHING,
HASUO,
AKRO.TEA.COLLECTION,
COVERS,
VEAK,
XYZ,
PUTDI,
FRAMEHUNT,
NEIGHBORS,
BDB,
CRAZYAPPAREL,
HEYEDDY,
NAVYSTUDIO,
COSMICSOCIETY,
BLOWIND,
LSW,
FIVETOONE,
GROUNDWAVE,
CONART,
NUSKA,
HERITORYGOLF,
BANASTIN,
CHILDISHARCHIVE,
TAEWOO,
INSANELUNATIC,
SPOILED,
UHOH,
OLIGHT,
COURTADVANTAGE,
ORLO,
MOREORLESS,
DONOTEAT,
YOMON,
BEIOFF,
VWVB,
RYUJEAN,
TRAVEL237,
SHOULDERPAD,
SECONDCORNER,
NUTANDBOLT,
SEOKWOONYOON,
STVAGUE,
VENTELLA,
SOYOON,
QDMM,
N850,
MIGNONNEUF,
GILHOMME,
PUBLISH,
GRAPIX,
DVERGR,
DSEMICOLON,
SLOWSUMMER,
NOTYETGUYS,
FELDSPARBROOK,
DIFFERENTBUTSAME,
CLAXCLO,
OUIPANAME,
NIDALCASHMERE,
SEANLIP,
NOVELCLOTHES,
EMCORIGINALGARMENTS,
BANGERS,
HOLLYSATUNS,
LEXIS,
CANDYSHOP,
JAINSONG,
GENSDEVIEN,
ACHIO,
DAEJOONGSO,
BUND,
RUONINE,
LUCKYDICE,
RIDERCOMMUNE,
FILLE,
COLLAGEVACANCE,
LOCKFINGER,
LAVIE,
SWYNES,
FLIRT,
FIRSTLIGHT,
OUTOFCIRCLE,
ANSWERINGBIRD,
NOWWHAT,
WORLDANTHEMWAVE,
ETRE,
TRAVS,
MAGFORCEBLACKLABEL,
PASES,
GREATOFF,
HOLUBAR,
THEDOSI,
DENNYFIELD,
SSUM,
UST,
NUMBERPLANT,
SMOKINGLIFE,
PEACEMAKER,
VERTX,
MARKSMAN,
KEYBAK,
BLAKSPACE,
LAPLAGE,
GENERALFINALE,
SLEY,
CLOMOR,
UNBOUNDEDAWE,
SHIROINEKO,
ATWOODROPE,
ELM,
ANTOMARS,
MONUMENTS,
SUNNECT,
QUAVINO,
MORETHANLIKE,
OBLA,
FROMWHERE,
FLAVORS,
WHATEVERWEWANT,
SMOKEYBEAR,
CHAPCHAP,
OLZEN,
SETSETSET,
NARUKANG,
NTMT,
CROSSAVENUE,
VLANDA,
ANSWERISYES,
DIMANCHE,
UNIONBALANT,
WAVEGUN,
APEXDESIGN,
DVSNSTUDIOS,
TRIMERE,
DECEMBERTEN,
MASTEF,
REDONE,
SOUP,
MARIAGEDEBIEN,
GENERALWORKS,
NOIZE,
DAKSSHIRTS,
HIGHKEYCLUB,
WATCHOUTBABY,
LIBERCLASSY,
WILDTHINGS,
ORDINARYONE,
JUNBYJUNK,
HELEMENT,
RENEJ,
LIMELIKE,
YOUNEEDGARMENTS,
FIRSTFLOOR,
GRAFIKUS,
LOVEACTUALLY,
GREENICH,
DEBBYUPPER,
CONATT,
BANANABAIT,
MARSON,
THEATRE,
BPB,
UNTOUCHED,
EERST,
HISHANDER,
WORKINGBEAR,
STILLBYHAND,
PIGC,
CHATDELAMA,
ELORD,
BALANCEWOOD,
MOTT,
BELLIEF,
ALTRA,
SLOWSUNDAY,
CRTFD,
DIAGONAL,
MIXXO,
88LIMITED,
ORTUSVASTERDS,
HERONPRESTON,
MARNI,
NEBELEVERYWEAR,
SAINTROBE,
CFCL,
MAISONMIHARAYASUHIRO,
DIMITO,
SINOON,
FACENONE,
OXTPUS,
MUSINSASTANDARD,상의
MUSINSASTANDARD,아우터
MUSINSASTANDARD,바지
