brand,item_category,item_img,item_name,item_num,item_brand,item_price
SCULPTOR,상의,https://image.msscdn.net/images/goods_img/20230906/3537121/3537121_16950372788709_500.jpg,Collage Logo Hoodie Dusty Navy,SC23A212FLNA,SCULPTOR,"89,000원 57,850원"
SCULPTOR,상의,https://image.msscdn.net/images/goods_img/20230906/3537120/3537120_17005533522999_500.jpg,Collage Logo Hoodie Black,SC23A212FLB,SCULPTOR,"89,000원 57,850원"
SCULPTOR,상의,https://image.msscdn.net/images/goods_img/20230906/3537118/3537118_16950373042025_500.jpg,Wi-Fi Begger Sweatshirt Mustard,SC23A231YE,SCULPTOR,"82,000원 53,300원"
SCULPTOR,상의,https://image.msscdn.net/images/goods_img/20230906/3537117/3537117_16950373135443_500.jpg,Wi-Fi Begger Sweatshirt Black,SC23A231BK,SCULPTOR,"82,000원 53,300원"
SCULPTOR,상의,https://image.msscdn.net/images/goods_img/20230906/3537116/3537116_16950373213270_500.jpg,Irregular Stripe Sweatshirt Raw/Indie Pink,SC23A240FLIV,SCULPTOR,"89,000원 62,300원"
SCULPTOR,상의,https://image.msscdn.net/images/goods_img/20230906/3537115/3537115_16952759593033_500.jpg,Irregular Stripe Sweatshirt Berry/Khaki,SC23A240FLPK,SCULPTOR,"89,000원 62,300원"
SCULPTOR,상의,https://image.msscdn.net/images/goods_img/20230906/3537114/3537114_16952759671281_500.jpg,Irregular Stripe Sweatshirt Olive/Navy,SC23A240FLKH,SCULPTOR,"89,000원 62,300원"
SCULPTOR,바지,https://image.msscdn.net/images/goods_img/20230906/3537113/3537113_16951016499628_500.jpg,Irregular Stripe Jogger Pants Raw/Indie Pink,SC23A461FLIV,SCULPTOR,"109,000원 76,300원"
SCULPTOR,바지,https://image.msscdn.net/images/goods_img/20230906/3537112/3537112_16952759757282_500.jpg,Irregular Stripe Jogger Pants Berry/Khaki,SC23A461FLPK,SCULPTOR,"109,000원 76,300원"
SCULPTOR,바지,https://image.msscdn.net/images/goods_img/20230906/3537111/3537111_16952759839595_500.jpg,Irregular Stripe Jogger Pants Olive/Navy,SC23A461FLKH,SCULPTOR,"109,000원 76,300원"
SCULPTOR,바지,https://image.msscdn.net/images/goods_img/20230906/3537110/3537110_16951029240235_500.jpg,Corduroy Work Pants Olive,SC23A457KH,SCULPTOR,"138,000원 96,600원"
SCULPTOR,바지,https://image.msscdn.net/images/goods_img/20230906/3537109/3537109_16950373850829_500.jpg,Corduroy Work Pants Brown,SC23A457BR,SCULPTOR,"138,000원 96,600원"
SCULPTOR,바지,https://image.msscdn.net/images/goods_img/20230906/3537108/3537108_17005533617005_500.jpg,Straight Line Denim Pants Light Denim,SC23A482LBX,SCULPTOR,"149,000원 96,850원"
SCULPTOR,바지,https://image.msscdn.net/images/goods_img/20230906/3537107/3537107_16950374041598_500.jpg,Straight Line Denim Pants Brick,SC23A482RD,SCULPTOR,"149,000원 96,850원"
SCULPTOR,바지,https://image.msscdn.net/images/goods_img/20230906/3537106/3537106_16950374125306_500.jpg,Straight Line Denim Pants Green,SC23A482GR,SCULPTOR,"149,000원 96,850원"
SCULPTOR,여성 가방,https://image.msscdn.net/images/goods_img/20230906/3537103/3537103_16950374269173_500.jpg,Faux Mongolian Shoulder Bag Sky Blue,CR23A504BL,SCULPTOR,"98,000원 78,400원"
SCULPTOR,여성 가방,https://image.msscdn.net/images/goods_img/20230906/3537102/3537102_16951014205214_500.jpg,Faux Mongolian Shoulder Bag Fuchsia,CR23A504PK,SCULPTOR,"98,000원 78,400원"
SCULPTOR,모자,https://image.msscdn.net/images/goods_img/20230906/3537099/3537099_16950374541640_500.jpg,Wi-Fi Begger Nylon Cap Gray,SC23A603GY,SCULPTOR,"46,000원 36,800원"
SCULPTOR,모자,https://image.msscdn.net/images/goods_img/20230906/3537098/3537098_16950374660020_500.jpg,Wi-Fi Begger Nylon Cap Peacock,SC23A603BL,SCULPTOR,"46,000원 36,800원"
SCULPTOR,모자,https://image.msscdn.net/images/goods_img/20230906/3537096/3537096_16950443144141_500.jpg,Wi-Fi Begger Nylon Cap Black,SC23A603BK,SCULPTOR,"46,000원 36,800원"
SCULPTOR,아우터,https://image.msscdn.net/images/goods_img/20230822/3488148/3488148_16941608386205_500.jpg,Vegan Leather Stadium Jacket Washed Black,SC23A126BK,SCULPTOR,"356,000원 284,800원"
SCULPTOR,아우터,https://image.msscdn.net/images/goods_img/20230822/3488147/3488147_16941608465244_500.jpg,MA-1 Flight Jacket Sage,SC23A121GR,SCULPTOR,"249,000원 174,300원"
SCULPTOR,아우터,https://image.msscdn.net/images/goods_img/20230822/3488145/3488145_16952760006877_500.jpg,MA-1 Flight Jacket Charcoal,SC23A121CH,SCULPTOR,"249,000원 174,300원"
SCULPTOR,아우터,https://image.msscdn.net/images/goods_img/20230822/3488144/3488144_16941608621479_500.jpg,3 Layer Wind Jacket Beige,SC23A122BE,SCULPTOR,"228,000원 159,600원"
SCULPTOR,아우터,https://image.msscdn.net/images/goods_img/20230822/3488140/3488140_17005533712840_500.jpg,Boucle Knit Zip-Up Lemon,SC23A215YE,SCULPTOR,"98,000원 68,600원"
SCULPTOR,아우터,https://image.msscdn.net/images/goods_img/20230822/3488139/3488139_16941609001586_500.jpg,Boucle Knit Zip-Up Toast,SC23A215BR,SCULPTOR,"98,000원 68,600원"
SCULPTOR,상의,https://image.msscdn.net/images/goods_img/20230822/3488134/3488134_16946741511685_500.jpg,Sports Lettering L/S Tee White,SC23A232WH,SCULPTOR,"62,000원 55,800원"
SCULPTOR,상의,https://image.msscdn.net/images/goods_img/20230822/3488133/3488133_16950210298994_500.jpg,Sports Lettering L/S Tee Ice,SC23A232LB,SCULPTOR,"62,000원 55,800원"
SCULPTOR,상의,https://image.msscdn.net/images/goods_img/20230822/3488131/3488131_16952760173388_500.jpg,Sports Lettering L/S Tee D.Gray,SC23A232CH,SCULPTOR,"62,000원 55,800원"
SCULPTOR,바지,https://image.msscdn.net/images/goods_img/20230822/3488125/3488125_16941609996805_500.jpg,Destroyed Denim Pants Light Denim,SC23A451LB,SCULPTOR,"159,000원 111,300원"
SCULPTOR,바지,https://image.msscdn.net/images/goods_img/20230822/3488123/3488123_16943918302535_500.jpg,Flight Pants Sage,SC23A452GR,SCULPTOR,"209,000원 146,300원"
SCULPTOR,바지,https://image.msscdn.net/images/goods_img/20230822/3488122/3488122_16952760256453_500.jpg,Flight Pants Charcoal,SC23A452CH,SCULPTOR,"209,000원 146,300원"
SCULPTOR,바지,https://image.msscdn.net/images/goods_img/20230822/3488121/3488121_16946741755555_500.jpg,Classic Bootcut Pants Pale Beige,SC23A480BE,SCULPTOR,"139,000원 97,300원"
SCULPTOR,바지,https://image.msscdn.net/images/goods_img/20230822/3488120/3488120_16941610385532_500.jpg,Classic Bootcut Pants Khaki Gray,SC23A480KH,SCULPTOR,"139,000원 97,300원"
SCULPTOR,바지,https://image.msscdn.net/images/goods_img/20230822/3488119/3488119_16941610460677_500.jpg,Classic Bootcut Pants Black,SC23A480BK,SCULPTOR,"139,000원 97,300원"
SCULPTOR,아우터,https://image.msscdn.net/images/goods_img/20230822/3487471/3487471_16953687240551_500.jpg,Paneled Wind Jacket Sage,SC23A120GR,SCULPTOR,"168,000원 117,600원"
SCULPTOR,아우터,https://image.msscdn.net/images/goods_img/20230822/3487470/3487470_16938766479138_500.jpg,Paneled Wind Jacket Black,SC23A120BK,SCULPTOR,"168,000원 117,600원"
SCULPTOR,아우터,https://image.msscdn.net/images/goods_img/20230822/3487469/3487469_16935521901348_500.jpg,Color Block Vest Beige,SC23A125BE,SCULPTOR,"129,000원"
SCULPTOR,아우터,https://image.msscdn.net/images/goods_img/20230822/3487468/3487468_16935521989100_500.jpg,Color Block Vest Navy,SC23A125NA,SCULPTOR,"129,000원 90,300원"
SCULPTOR,상의,https://image.msscdn.net/images/goods_img/20230822/3487467/3487467_16952828562371_500.jpg,Social Anxiety Hoodie White Melange,SC23A213FLW,SCULPTOR,"94,000원 65,800원"
SCULPTOR,상의,https://image.msscdn.net/images/goods_img/20230822/3487465/3487465_16935544398010_500.jpg,Social Anxiety Hoodie Cherry Pink,SC23A213FLPK,SCULPTOR,"94,000원 65,800원"
SCULPTOR,상의,https://image.msscdn.net/images/goods_img/20230822/3487464/3487464_16952760337817_500.jpg,Social Anxiety Hoodie Charcoal,SC23A213FLCH,SCULPTOR,"94,000원 65,800원"
SCULPTOR,상의,https://image.msscdn.net/images/goods_img/20230822/3487462/3487462_16938139957634_500.jpg,Jacquard Flower Sweatshirt Acid Pink,SC23A225FLPK,SCULPTOR,"92,000원 64,400원"
SCULPTOR,상의,https://image.msscdn.net/images/goods_img/20230822/3487461/3487461_16938140059449_500.jpg,Jacquard Flower Sweatshirt Turquoise,SC23A225FLMT,SCULPTOR,"92,000원 64,400원"
SCULPTOR,상의,https://image.msscdn.net/images/goods_img/20230822/3487460/3487460_16938140161887_500.jpg,Jacquard Flower Sweatshirt Charcoal,SC23A225FLCH,SCULPTOR,"92,000원 64,400원"
SCULPTOR,상의,https://image.msscdn.net/images/goods_img/20230822/3487459/3487459_17078960721344_500.jpg,Classic Soccer Jersey L/S Tee Solid,SC23A218WH,SCULPTOR,"109,000원 76,300원"
SCULPTOR,상의,https://image.msscdn.net/images/goods_img/20230822/3487456/3487456_17078960797876_500.jpg,Soccer Jersey L/S Tee Pattern,SC23A223NA,SCULPTOR,"109,000원 76,300원"
SCULPTOR,상의,https://image.msscdn.net/images/goods_img/20230822/3487454/3487454_16935544659965_500.jpg,Sports Half Zip-Up Raw,SC23A244IVX,SCULPTOR,"89,000원 62,300원"
SCULPTOR,상의,https://image.msscdn.net/images/goods_img/20230822/3487453/3487453_16935522364946_500.jpg,Sports Half Zip-Up Cyan,SC23A244BL,SCULPTOR,"89,000원 62,300원"
SCULPTOR,상의,https://image.msscdn.net/images/goods_img/20230822/3487449/3487449_16952854007012_500.jpg,Triple Layered L/S Tee Pale Blue,SC23A230LB,SCULPTOR,"62,000원 55,800원"
SCULPTOR,바지,https://image.msscdn.net/images/goods_img/20230822/3487447/3487447_16938140269374_500.jpg,Jacquard Flower Jogger Pants Acid Pink,SC23A459FLPK,SCULPTOR,"116,000원 81,200원"
SCULPTOR,바지,https://image.msscdn.net/images/goods_img/20230822/3487445/3487445_16938140378463_500.jpg,Jacquard Flower Jogger Pants Turquoise,SC23A459FLMT,SCULPTOR,"116,000원 81,200원"
SCULPTOR,바지,https://image.msscdn.net/images/goods_img/20230822/3487443/3487443_16946742008025_500.jpg,Jacquard Flower Jogger Pants Charcoal,SC23A459FLCH,SCULPTOR,"116,000원 81,200원"
SCULPTOR,바지,https://image.msscdn.net/images/goods_img/20230822/3487437/3487437_16953687397685_500.jpg,Paneled Wind Pants Sage,SC23A448GR,SCULPTOR,"119,000원 83,300원"
SCULPTOR,바지,https://image.msscdn.net/images/goods_img/20230822/3487436/3487436_16935522858243_500.jpg,Paneled Wind Pants Black,SC23A448BK,SCULPTOR,"119,000원 83,300원"
SCULPTOR,여성 가방,https://image.msscdn.net/images/goods_img/20230822/3487434/3487434_16952760500738_500.jpg,Color Block Mini Duffle Bag Pink/Camel,CR23A506PK,SCULPTOR,"89,000원 71,200원"
SCULPTOR,가방,https://image.msscdn.net/images/goods_img/20230822/3487432/3487432_16935522965675_500.jpg,Expendable Hobo Bag Ice,CR23A508LB,SCULPTOR,"109,000원 87,200원"
SCULPTOR,가방,https://image.msscdn.net/images/goods_img/20230822/3487430/3487430_16935569463414_500.jpg,Expendable Hobo Bag D.Gray,CR23A508CH,SCULPTOR,"109,000원 87,200원"
SCULPTOR,아우터,https://image.msscdn.net/images/goods_img/20230811/3460551/3460551_16931524120885_500.jpg,Lace Nylon Jacket Beige,SC23A129BE,SCULPTOR,"162,000원 129,600원"
SCULPTOR,아우터,https://image.msscdn.net/images/goods_img/20230811/3460545/3460545_16931524379007_500.jpg,Shirring Zip-Up Jersey Ballerina Nude,SC23A219BE,SCULPTOR,"136,000원 108,800원"
SCULPTOR,아우터,https://image.msscdn.net/images/goods_img/20230811/3460544/3460544_16931524466015_500.jpg,Shirring Zip-Up Jersey Ballerina Pink,SC23A219PK,SCULPTOR,"136,000원 108,800원"
SCULPTOR,상의,https://image.msscdn.net/images/goods_img/20230811/3460540/3460540_17005533814281_500.jpg,Bow Bow Hoodie White Melange,SC23A250FLWM,SCULPTOR,"89,000원 71,200원"
SCULPTOR,상의,https://image.msscdn.net/images/goods_img/20230811/3460538/3460538_17005533901292_500.jpg,Bow Bow Hoodie Charcoal,SC23A250FLCH,SCULPTOR,"89,000원 71,200원"
SCULPTOR,상의,https://image.msscdn.net/images/goods_img/20230811/3460518/3460518_16931525581901_500.jpg,Bow Tie L/S Tee Ivory,SC23A221IV,SCULPTOR,"72,000원 57,600원"
SCULPTOR,상의,https://image.msscdn.net/images/goods_img/20230811/3460517/3460517_16931525667883_500.jpg,Bow Tie L/S Tee Ballerina Pink,SC23A221PK,SCULPTOR,"72,000원 57,600원"
SCULPTOR,상의,https://image.msscdn.net/images/goods_img/20230811/3460515/3460515_16934491156184_500.jpg,Bow Tie L/S Tee Black,SC23A221BK,SCULPTOR,"72,000원 57,600원"
SCULPTOR,바지,https://image.msscdn.net/images/goods_img/20230811/3460514/3460514_17005533986855_500.jpg,Parachute Cargo Pants Pale Gray,SC23A455GY,SCULPTOR,"169,000원 118,300원"
SCULPTOR,바지,https://image.msscdn.net/images/goods_img/20230811/3460512/3460512_16931525915795_500.jpg,Parachute Cargo Pants Ballerina Pink,SC23A455PK,SCULPTOR,"169,000원 118,300원"
SCULPTOR,바지,https://image.msscdn.net/images/goods_img/20230811/3460507/3460507_16931934877681_500.jpg,Wedding Garter Belt Jogger Pants Sand Beige,SC23A450FLBE,SCULPTOR,"92,000원 64,400원"
SCULPTOR,바지,https://image.msscdn.net/images/goods_img/20230811/3460499/3460499_16931526284391_500.jpg,Praying Jogger Pants White Melange,SC23A471FLWM,SCULPTOR,"89,000원 62,300원"
SCULPTOR,바지,https://image.msscdn.net/images/goods_img/20230811/3460498/3460498_16952760754852_500.jpg,Praying Jogger Pants Pale Pink,SC23A471FLPKS,SCULPTOR,"89,000원 62,300원"
SCULPTOR,바지,https://image.msscdn.net/images/goods_img/20230811/3460497/3460497_16952828804019_500.jpg,Praying Jogger Pants Ash Sage,SC23A471FLGR,SCULPTOR,"89,000원 62,300원"
SCULPTOR,바지,https://image.msscdn.net/images/goods_img/20230811/3460496/3460496_16931526518966_500.jpg,Tutu Layered Leggings Eggshell,SC23A466YE,SCULPTOR,"119,000원 95,200원"
SCULPTOR,바지,https://image.msscdn.net/images/goods_img/20230811/3460495/3460495_16931526596860_500.jpg,Tutu Layered Leggings Baby Blue,SC23A466LB,SCULPTOR,"119,000원 95,200원"
SCULPTOR,스커트,https://image.msscdn.net/images/goods_img/20230811/3460489/3460489_16931526850449_500.jpg,Cotton Flower Frill Midi Skirt Sand Beige,SC23A463BE,SCULPTOR,"176,000원 140,800원"
SCULPTOR,스커트,https://image.msscdn.net/images/goods_img/20230811/3460486/3460486_16931526931748_500.jpg,Cotton Flower Frill Midi Skirt Charcoal,SC23A463CH,SCULPTOR,"176,000원 140,800원"
SCULPTOR,스포츠/용품,https://image.msscdn.net/images/goods_img/20230811/3460481/3460481_16932870842646_500.jpg,Rose Mini Duffle Bag Ivory,CR23A505IV,SCULPTOR,"102,000원 81,600원"
SCULPTOR,스포츠/용품,https://image.msscdn.net/images/goods_img/20230811/3460477/3460477_16932870936392_500.jpg,Rose Mini Duffle Bag Black,CR23A505BK,SCULPTOR,"102,000원 81,600원"
SCULPTOR,여성 가방,https://image.msscdn.net/images/goods_img/20230811/3460474/3460474_16932796666039_500.jpg,Ballerina Gym Sack Raw,CR23A502IV,SCULPTOR,"119,000원 95,200원"
SCULPTOR,여성 가방,https://image.msscdn.net/images/goods_img/20230811/3460472/3460472_16932796884363_500.jpg,Ballerina Gym Sack Mint,CR23A502MT,SCULPTOR,"119,000원 95,200원"
SCULPTOR,여성 가방,https://image.msscdn.net/images/goods_img/20230811/3460469/3460469_16934491713758_500.jpg,Nylon Ballerina Backpack Ballerina Pink,CR23A507PK,SCULPTOR,"126,000원 94,500원"
SCULPTOR,아우터,https://image.msscdn.net/images/goods_img/20230811/3460395/3460395_16934491811827_500.jpg,Reversible Wind Jacket L.Beige/Blue,SC23A123IV,SCULPTOR,"186,000원 148,800원"
SCULPTOR,아우터,https://image.msscdn.net/images/goods_img/20230811/3460393/3460393_16934492047627_500.jpg,Reversible Wind Jacket Mustard/Charcoal,SC23A123YE,SCULPTOR,"186,000원 148,800원"
SCULPTOR,아우터,https://image.msscdn.net/images/goods_img/20230811/3460392/3460392_16952828887993_500.jpg,Single Layer Reversible Jacket Mint,SC23A139MT,SCULPTOR,"159,000원 111,300원"
SCULPTOR,아우터,https://image.msscdn.net/images/goods_img/20230811/3460391/3460391_16925837534475_500.jpg,Single Layer Reversible Jacket Blue,SC23A139BL,SCULPTOR,"159,000원 111,300원"
SCULPTOR,상의,https://image.msscdn.net/images/goods_img/20230811/3460387/3460387_16938140658659_500.jpg,Inside-Out Sweatshirt Sage,SC23A203GR,SCULPTOR,"79,000원 55,300원"
SCULPTOR,상의,https://image.msscdn.net/images/goods_img/20230811/3460386/3460386_16938141756573_500.jpg,Inside-Out Sweatshirt Mocha,SC23A203BR,SCULPTOR,"79,000원 55,300원"
SCULPTOR,아우터,https://image.msscdn.net/images/goods_img/20230811/3460385/3460385_16934492155467_500.jpg,Velour Crop Zip-Up Hoodie Pale Mint,SC23A202MT,SCULPTOR,"98,000원 68,600원"
SCULPTOR,아우터,https://image.msscdn.net/images/goods_img/20230811/3460384/3460384_16922688561865_500.jpg,Velour Crop Zip-Up Hoodie Ballerina Nude,SC23A202BE,SCULPTOR,"98,000원 68,600원"
SCULPTOR,아우터,https://image.msscdn.net/images/goods_img/20230811/3460383/3460383_16922688677140_500.jpg,Velour Crop Zip-Up Hoodie Black,SC23A202BK,SCULPTOR,"98,000원"
